,word,convergence,correctness,comp_letter_score,freq,percentage,mean,var,skew,kurt,new,regression
0,abbey,0.00024600442807970544,0.40654205607476634,0.0008814053856908394,3.722808441502011e-05,0.025202296,4.53125,140.0,-0.051312936894231366,-1.5666326530612245,4.072993706310577,4.321423085087528
1,admit,0.0002920052560946097,0.6225165562913907,0.001702024193058173,0.0004715147823515832,0.092329447,3.9292929292929295,132.58333333333334,0.08286232696318833,-1.2834047266976685,3.5446498690599553,3.9117662217041365
2,adore,0.0006020108361950515,0.592274678111588,0.004756549753814358,2.4888491154337066e-05,0.093756109,3.53,123.55555555555559,0.08902015445266723,-1.436372664458362,3.185902015445267,3.932918064323454
3,agape,0.00032200579610432986,0.4774774774774775,0.0,5.989570259648827e-06,0.084571613,4.357142857142857,162.88888888888889,0.12189393981444144,-1.2667288926443687,3.9336179654100154,4.201683339523353
4,ahead,0.0002080037440673932,0.3954802259887006,0.00571393836240958,0.0005974985147702782,0.046119865,4.171717171717172,139.58333333333334,0.19161819047181883,-1.2801660948986413,3.773707273592637,4.280496288293859
5,album,0.00017600316805702502,0.532258064516129,0.0016564342593155432,7.490402188916531e-05,0.075875671,4.0606060606060606,158.25,0.0984556159048115,-1.5144363833297145,3.664391016135936,4.080515761604069
6,alien,0.0007400133202397643,0.6785714285714286,0.004802139687556988,0.000206691083907275,0.087407636,3.484848484848485,117.91666666666667,0.07614507608779812,-1.486643109540636,3.143978143972416,3.7725950538312
7,alike,0.0006740121322183799,0.5444015444015444,0.002598626223329889,0.00030142809919464925,0.090897465,4.1938775510204085,132.88888888888889,0.038127200991252885,-1.3652657688392749,3.778302516017493,4.045599602254857
8,allow,0.00019200345606220913,0.375,0.0025378396450063826,0.0013761448556033565,0.054474733,4.23469387755102,126.8888888888889,-0.11375365619946892,-1.3732981434850222,3.7998491241759713,4.352399853594119
9,aloft,0.000514009252166539,0.6363636363636364,0.0034344416752780985,3.353784877712017e-05,0.042877966,4.141414141414141,151.58333333333334,0.21004332641044546,-1.3043244888343404,3.7482770599137716,3.867691488667398
10,aloud,0.00035200633611405004,0.5775401069518716,0.0029785423378518023,0.00011267339236291448,0.095384719,3.525252525252525,132.25,-0.01841045450809567,-1.4794758452121026,3.1708862272764633,3.981027812980421
11,alpha,8.40015120272165e-05,0.2905982905982906,0.0030697222053370616,0.00010835561067255667,0.091738143,4.212121212121212,200.25,0.41994089961134196,-1.2003004982847596,3.8329031808702254,4.508008113032386
12,amber,0.00033800608410951397,0.4262295081967213,0.00399671752477053,4.141895907835682e-05,0.096175933,4.144329896907217,126.80555555555554,0.011736737670891891,-1.2948305899091734,3.7310705809835847,4.247572976428097
13,ample,0.0004580082441483947,0.6020408163265306,0.001261321500212753,0.0002373823528913441,0.065691173,4.216494845360825,153.80555555555557,0.16108197474878738,-1.3744032502185624,3.8109535582996212,3.9560041995490165
14,angry,0.0002900052200939617,0.5492227979274611,0.004467813506777703,0.0003020368850778953,0.084654751,3.979591836734694,181.22222222222226,0.33205311266046206,-1.330087915731417,3.614837964327271,4.01416552330567
15,aorta,0.00028200507609136964,0.48404255319148937,0.0019451705063521976,4.7928737794855543e-05,0.096275699,4.0,141.55555555555557,0.2011300932915267,-1.2475460175617163,3.620113009329153,4.165904580789295
16,aphid,0.00013000234004212076,0.43103448275862066,0.0011549449881466172,1.5248081612133113e-05,0.086143376,4.051020408163265,152.88888888888889,0.22026959831509085,-1.2852692756219575,3.667945327178448,4.27316476632396
17,apply,0.0002260040680732253,0.4095744680851064,0.0,0.0014621068937035195,0.093997289,3.98,186.55555555555557,0.27442643620478285,-1.4251740219457614,3.6094426436204783,4.318946064008423
18,apron,0.00030400547209849776,0.58,0.0037839645006382595,4.836187699577532e-05,0.076960509,3.8484848484848486,190.91666666666666,0.3502726326282755,-1.4147588698951221,3.4986636268991913,3.9671206606391975
19,aptly,0.00034200615611081,0.582089552238806,0.0,3.348156826948474e-05,0.097063929,4.05,212.8888888888889,0.39649487237178654,-1.2327401161954494,3.684649487237179,4.009020798668957
20,aroma,0.00024600442807970544,0.36363636363636365,0.0044374202176159505,2.879152596653177e-05,0.035933657,4.040816326530612,125.8888888888889,0.07108609420924436,-1.4086215586485513,3.643843303298475,4.357511025033724
21,askew,0.00010600190803434462,0.31666666666666665,0.0013221080785362593,4.938301875522609e-06,0.071536243,4.53125,144.66666666666666,0.0,-1.4999999999999998,4.078125,4.481672500267555
22,asset,0.00028000504009072165,0.42487046632124353,0.002735396024557778,0.00024721121017251297,0.074903463,3.9489795918367347,148.88888888888889,0.1334296827244355,-1.4963611049231453,3.5674246009255053,4.264208218185396
23,atoll,0.0003260058681056259,0.543010752688172,0.004726156464652605,6.566923663303715e-06,0.077760829,3.9696969696969697,164.58333333333334,0.2180975834979021,-1.4372635154622657,3.594537031077063,4.0240419426915235
24,atone,0.0005440097921762592,0.5647058823529412,0.007567929001276519,1.340084867606613e-05,0.079409018,3.494949494949495,139.25,0.23277623190978985,-1.3938803992921815,3.1687321686455245,3.9497843570302034
25,avert,0.0004400079201425626,0.5681818181818182,0.004376633639292444,3.577784976565602e-05,0.096973615,4.0,146.91666666666666,0.14825089622374335,-1.3659237962929298,3.6148250896223746,3.9817835086227102
26,awful,0.00010000180003240058,0.37383177570093457,0.0,0.00015882175331492356,0.081036835,4.204081632653061,137.88888888888889,0.005192400522459264,-1.4344232543612967,3.784192709440001,4.3916140421065855
27,axiom,0.00017800320405767303,0.4295774647887324,0.002097136952160963,2.9475352526625067e-05,0.098073123,4.247422680412371,134.13888888888889,0.04447330780118262,-1.3503946376299296,3.8271277431512525,4.264400023196431
28,badge,0.000514009252166539,0.5737051792828686,0.0,4.4823929790300675e-05,0.071855503,4.22680412371134,148.80555555555557,0.1458553752543686,-1.2997169887818254,3.8187092488656433,4.024390556346914
29,baker,0.0005600100801814433,0.4385245901639344,0.003115312139079691,2.7278021726884715e-05,0.099350954,4.466666666666667,86.66666666666667,-0.5763347592028897,-1.3650000000000002,3.9623665240797115,4.235658413147917
30,bayou,0.00018400331205961707,0.43137254901960786,0.0013221080785362593,6.6972332700347815e-06,0.078027411,4.26530612244898,137.22222222222223,0.12073435062737826,-1.3572397515120722,3.8508489452668195,4.270570423819584
31,beady,0.0005600100801814433,0.5507246376811594,0.001929973861771321,3.2583103302821003e-06,0.079628545,4.24,194.22222222222226,0.3417106973482878,-1.2946924631746521,3.850171069734829,4.0436093938885955
32,begin,0.00033200597610756995,0.5869565217391305,0.004574190018843839,0.001013477678558071,0.0934626,3.989795918367347,164.22222222222223,0.20055836915051956,-1.4521424739206148,3.6108721634456646,3.93967890252475
33,being,0.00040400727213089834,0.5138888888888888,0.006017871254027111,0.011692532953780336,0.07270722,4.161616161616162,168.58333333333334,0.2222597848037667,-1.3228597769252217,3.7676805239349225,4.000258633239563
34,berth,0.0004300077401393225,0.5735294117647058,0.009406722995562581,3.250751085629105e-05,0.083618523,4.040404040404041,145.58333333333334,0.13321353989729137,-1.3573387234441316,3.6496849903533657,3.9112539042300996
35,black,0.00040200723613025035,0.47345132743362833,0.0,0.0021191450357017166,0.06253119,3.76,151.88888888888889,0.24925784283349509,-1.4999349811552378,3.4089257842833494,4.197919785175935
36,bland,0.00048800878415811486,0.5769230769230769,0.005075679290012765,2.2424655597852445e-05,0.080590754,3.806122448979592,198.8888888888889,0.37342196389684423,-1.4471477169876097,3.4628524004713173,3.9573311599881076
37,bloke,0.0005820104761885714,0.5458015267175572,0.0,8.596865933635542e-06,0.041508094,4.134020618556701,117.13888888888886,0.020975340987831752,-1.3799232518040023,3.7227160907998145,4.075933079479119
38,blown,0.00033400601210821794,0.4864864864864865,0.0,0.0001298900778489859,0.077764566,4.11,149.88888888888889,0.09895641852799339,-1.4106157761205758,3.7088956418527994,4.184448998575968
39,bluff,0.00011200201603628866,0.22377622377622378,0.0,3.9052970678937726e-05,0.08489278,4.333333333333333,231.91666666666666,0.556795876480838,-1.1804850789965098,3.955679587648084,4.668393926174559
40,booze,0.00030400547209849776,0.35294117647058826,0.0,1.1628895517042229e-05,0.09891241,4.78125,202.66666666666666,0.2381130786599348,-1.482324489265928,4.326936307865994,4.4308371793826735
41,bough,0.0003060055080991458,0.4271356783919598,0.0013221080785362593,1.3137452221867739e-05,0.095583182,4.322916666666667,156.66666666666666,0.19276442847585407,-1.334748755092802,3.909901442847586,4.278333468593849
42,braid,0.000526009468170427,0.5836734693877551,0.0010485684760804814,2.019918454429437e-05,0.091582064,3.63265306122449,204.2222222222222,0.40640338492653505,-1.4997442458271215,3.3100280935946946,3.993521479079395
43,brave,0.0007740139322507805,0.5206896551724138,0.0023098899762932345,0.00019440501230581393,0.095874515,4.322916666666667,95.33333333333333,-0.30510629799811834,-1.3509462565406618,3.8601143702001885,4.09328697861825
44,brine,0.0009560172083097495,0.5573248407643312,0.0058507081636374695,4.863077275447795e-05,0.045259793,4.0,95.88888888888887,-0.21576009902125073,-1.351635205009875,3.578423990097875,3.983905703832017
45,brink,0.0005240094321697791,0.5416666666666666,0.004802139687556988,3.499580820204206e-05,0.077535727,4.081632653061225,200.88888888888889,0.5030749389482252,-1.0317547625107684,3.7237768816499246,4.025448141967887
46,brisk,0.0004100073801328424,0.4219409282700422,0.002826575892043037,4.196521106423017e-05,0.090960701,4.051546391752577,175.80555555555554,0.3445933150259809,-1.2523056769106213,3.680851084079918,4.2695842239397
47,buggy,0.0002720048960881296,0.4106280193236715,0.0,2.3760489999669992e-05,0.091780455,4.705263157894737,176.4722222222222,0.06828203667957536,-1.6414103662310944,4.241565045773221,4.324612169989948
48,cacao,0.00021400385206933725,0.34946236559139787,0.0,1.4194955603408471e-05,0.08687639,4.739583333333333,183.33333333333334,0.12488191266630484,-1.5341950413223142,4.27811319126663,4.437225653628932
49,canny,0.0006220111962015316,0.4647887323943662,0.003024132271594432,5.548007374906495e-06,0.072478557,4.625,170.66666666666666,0.11840795143336652,-1.5758056640625,4.174340795143337,4.188539916281341
50,cargo,0.00040800734413219436,0.6178010471204188,0.0016260409701537902,0.0002855003476873658,0.066622879,4.214285714285714,142.22222222222223,0.08671314393214548,-1.3639123535156255,3.801528457250358,3.9223446714575347
51,carry,0.000678012204219676,0.5070921985815603,0.0016260409701537902,0.0013299874824131966,0.094715491,4.185567010309279,146.13888888888889,0.11892195465533012,-1.2733304403142105,3.778902504743884,4.120559217981265
52,catch,0.0004460080281445066,0.40930232558139534,0.003176098717403197,0.00042893839440214855,0.102720126,4.197368421052632,48.555555555555564,-0.7972383001762164,-0.8348580136043036,3.697907748929747,4.286578731465834
53,cater,0.0011180201243622386,0.656934306569343,0.007203209531335482,2.5824476459424427e-05,0.051566172,4.22093023255814,57.88888888888889,-0.7801012461413875,-1.0563179475466118,3.720827084688187,3.7843926942481416
54,caulk,0.0003540063721146981,0.4823008849557522,0.0,1.4465598632772994e-06,0.037070147,4.257731958762887,118.47222222222223,-0.1318904387901758,-1.423007906719131,3.8187697190075807,4.192830862240429
55,chafe,0.0005360096481736671,0.5660377358490566,0.0023250866208741113,3.82646757255865e-06,0.095066136,3.948453608247423,149.80555555555554,0.16321336444703197,-1.5250069203649002,3.569929583867384,4.010657329822334
56,chant,0.0005740103321859794,0.6254826254826255,0.006929669928879704,3.401273855069761e-05,0.041683139,3.757575757575758,155.25,0.3429995212985845,-1.4976052857450324,3.4161181339480406,3.845531021961582
57,charm,0.00048400871215681883,0.5323383084577115,0.0039511275910279016,0.00015832295352176244,0.088148024,3.67,156.55555555555557,0.2788663330457417,-1.4714330112462675,3.330886633304574,4.052233473707393
58,cheek,0.0002900052200939617,0.43171806167400884,0.005577168561181691,0.00017213669145139325,0.065146731,4.212121212121212,200.25,0.41994089961134196,-1.2003004982847596,3.8329031808702254,4.217707564084545
59,chest,0.0005700102601846833,0.6504424778761062,0.009209166616011184,0.0004306028996116279,0.055114571,3.58,156.2222222222222,0.3103168215485489,-1.4016610381437808,3.253031682154855,3.7699904646008706
60,chief,0.0003880069841257143,0.5657894736842105,0.00206674366299921,0.0012785257633400107,0.089612322,3.81,197.88888888888889,0.3993130733336719,-1.4928455929943654,3.4689313073333676,4.00749232050854
61,choke,0.0004680084241516347,0.5,0.0009117986748525926,3.1213427027131166e-05,0.041900643,3.808080808080808,164.58333333333334,0.3459723881546525,-1.443908604390322,3.4618699660881926,4.1490978038837065
62,chord,0.0004300077401393225,0.6421568627450981,0.00285696918120479,6.856032584715942e-05,0.093481375,3.66,254.2222222222222,0.5227517661114037,-1.5123680406132325,3.3462751766111403,3.8638143024921376
63,chunk,0.0002400043200777614,0.4270833333333333,0.0009117986748525926,2.1083303499207894e-05,0.063567401,3.878787878787879,222.91666666666666,0.5678687810322524,-1.1658008909075026,3.547695969012316,4.283339614767313
64,chute,0.0005420097561756111,0.5546875,0.0027353960245577774,2.757560950908777e-05,0.091956431,3.585858585858586,217.58333333333334,0.4580141507121119,-1.4867004208838048,3.2730741423439387,4.026467727116167
65,cinch,0.00033200597610756995,0.467005076142132,0.004604583308005592,3.857992013763596e-06,0.08953052,4.6022727272727275,103.8888888888889,-0.45274231580380075,-1.5500174440218484,4.096771222965075,4.165396416349614
66,class,0.00045600820814774664,0.4908256880733945,0.0013221080785362593,0.0029829220816463557,0.093892748,4.206521739130435,120.55555555555554,0.004336976719420402,-1.257241393956125,3.786303262889333,4.145422891012467
67,clean,0.000532009576172371,0.6105769230769231,0.005334022247887666,0.0006343181056968724,0.091884311,3.45,172.2222222222222,0.27074788365124464,-1.4405719042663894,3.132074788365125,3.8890450469571953
68,cling,0.0005020090361626509,0.5518867924528302,0.006078657832350618,4.395765138846113e-05,0.087958783,4.255102040816326,144.88888888888889,0.04839805826847733,-1.3726864484926045,3.8344316425615417,3.9911870150952096
69,cloth,0.00043200777613997053,0.5318181818181819,0.005410005470792049,0.00042199529256150246,0.045339555,3.79,163.55555555555551,0.3319125926885074,-1.5292830295959352,3.444191259268851,4.034190050242342
70,clown,0.000346006228112106,0.5130890052356021,0.0,2.405605462636981e-05,0.08642513,3.84,161.88888888888889,0.27749874831234167,-1.4622952456816287,3.483749874831234,4.1360520647247725
71,comma,0.00022800410407387332,0.46875,0.0029025591149474195,3.3615280455925786e-05,0.064146077,4.510204081632653,173.2222222222222,0.14039288194195143,-1.5123919915440602,4.073222961663583,4.182568819817692
72,condo,0.00023600424807646537,0.4632768361581921,0.005926691386541852,9.425200973628061e-06,0.096364768,4.371134020618556,164.47222222222223,0.1355547360558433,-1.3885886060284658,3.947576092162285,4.156272156533584
73,could,0.00048400871215681883,0.583710407239819,0.002522643000425506,0.014314284993453802,0.037009131,3.9,152.2222222222222,0.23743549096999697,-1.4834279929671261,3.5337435490969993,3.9000866500465055
74,coyly,0.00037000666011988213,0.3522267206477733,0.001200534921889247,3.217277058211951e-06,0.096823169,5.119047619047619,189.66666666666666,0.353741044394074,-1.5183051695540843,4.642516961582264,4.417707782951224
75,cramp,0.0004440079921438586,0.4252336448598131,0.0010485684760804814,9.971342605564868e-06,0.085834395,3.9381443298969074,120.47222222222224,0.18598329305228642,-1.2945275885906806,3.5629282262124455,4.285151731947886
76,crank,0.0006580118442131959,0.6039215686274509,0.004072700747674914,6.0914085507525546e-05,0.017368945,4.163265306122449,114.55555555555556,-0.15925291982563447,-1.4314052914453115,3.7310134835276405,3.919546906887727
77,creak,0.0006120110161982916,0.5681818181818182,0.003859947723542642,8.373454389110171e-06,0.075852691,4.22680412371134,123.80555555555554,-0.10361860619911917,-1.3324199947354243,3.7937618507202946,3.98816403854139
78,crept,0.0005840105121892194,0.6504424778761062,0.0028113792474621607,6.591477414183881e-05,0.075945995,4.010204081632653,186.88888888888889,0.29488634513298556,-1.3954786004431052,3.6386723079826866,3.849130508990021
79,crimp,0.0004100073801328424,0.6048780487804878,0.0011093550544039876,4.888477073174768e-06,0.028266692,3.9292929292929295,178.25,0.37817969012388464,-1.3493859775084633,3.574181605376025,3.9538461244504925
80,cynic,0.0001360024480440648,0.33587786259541985,0.001063765120661358,6.473086032599143e-06,0.039549405,4.040816326530612,125.8888888888889,0.07108609420924436,-1.4086215586485513,3.643843303298475,4.449427915888156
81,dandy,0.0004000072001296023,0.2923728813559322,0.005075679290012765,1.0699494663501763e-05,0.097843313,4.696629213483146,125.13888888888891,-0.1518656965465632,-1.6425969418613677,4.211779722480175,4.481049740995765
82,delve,0.0003260058681056259,0.4977578475336323,0.0024162664883593706,1.1408058897702792e-05,0.075772872,4.484536082474227,166.80555555555557,0.1284654649612724,-1.4920074514646071,4.048929020722931,4.13517204293767
83,denim,0.00027000486008748155,0.5393939393939394,0.003358458452373716,9.666857702328059e-06,0.096343203,3.909090909090909,209.58333333333334,0.40868299757222487,-1.335637862684727,3.559050117939041,4.0471876520778265
84,depot,0.0003300059401069219,0.5578947368421052,0.0011549449881466172,7.61201222698369e-05,0.057005133,3.948453608247423,173.80555555555554,0.26065581013448036,-1.4938382835740511,3.5796738284361287,4.039382500146774
85,depth,0.00024800446408035343,0.524390243902439,0.006564950458938667,0.0008899787489438034,0.076298072,3.919191919191919,190.58333333333334,0.38938981240546533,-1.2913968402611746,3.566211708513274,4.031446813033632
86,dodge,0.000340006120110162,0.4458874458874459,0.0,1.3646073515380921e-05,0.038531432,4.4361702127659575,115.55555555555556,-0.1777036101326159,-1.4992011834319527,3.9747828304761,4.259777866158278
87,donor,0.0003940070921276583,0.5645933014354066,0.004619779952586469,0.00014781358029859645,0.076985986,4.040816326530612,193.2222222222222,0.2569272109785654,-1.4569258306793935,3.662427414975407,3.9848606599688305
88,doubt,0.00030000540009720173,0.5628140703517588,0.0013221080785362593,0.0015227371856709096,0.090301104,3.6464646464646466,160.58333333333334,0.2715073428332205,-1.4872654698789147,3.308968916101504,4.02066337757545
89,dream,0.00040800734413219436,0.6098901098901099,0.003859947723542642,0.00045797435433811656,0.092492351,3.479591836734694,110.55555555555554,0.2638764331568513,-1.477077851569404,3.15802029637691,3.9090312665658176
90,drink,0.0004760085681542268,0.5066666666666667,0.004802139687556988,0.0005034879962317928,0.019606187,3.7,179.55555555555557,0.3799890631239722,-1.5242967907558083,3.367998906312397,4.087381448703477
91,drive,0.0006380114842067157,0.5789473684210527,0.002370676554616741,0.0007745466920906147,0.09192514,3.707070707070707,132.58333333333334,0.13264522695688252,-1.4713633136739859,3.349628159059325,3.9822745615265136
92,droll,0.0003760067681218262,0.4622222222222222,0.001990760440094827,8.182854748382715e-06,0.081247886,4.463917525773196,150.47222222222223,-0.048799492355862256,-1.4879588046424248,4.01264582396029,4.20572039344668
93,egret,0.00031800572410303383,0.5153061224489796,0.0028113792474621607,1.8346470696045896e-06,0.084161379,4.438775510204081,167.88888888888889,0.19279828401598703,-1.4796062057157726,4.014177787585272,4.098160213443272
94,eject,0.00016000288005184093,0.2611464968152866,0.0,1.0696055299146263e-05,0.097224677,4.5,206.88888888888889,0.3721359898580486,-1.4999999999999996,4.087213598985804,4.599771493368776
95,elder,0.0003600064801166421,0.48095238095238096,0.004270257127226309,0.0001478648948790876,0.046282804,4.589473684210526,121.1388888888889,-0.183450086796921,-1.5828662267294784,4.112181307109783,4.143002663717775
96,elope,0.00036200651611729013,0.4745762711864407,0.0,2.6405673858535457e-06,0.085117773,4.22680412371134,133.47222222222223,-0.10153914806356693,-1.468712286997264,3.7939697965338497,4.207040124999633
97,enjoy,0.00022800410407387332,0.44936708860759494,0.002203513464227099,0.0005052978007910498,0.098742466,4.56701030927835,152.47222222222223,0.03182941510243679,-1.5210141045933603,4.113492219860759,4.224181639975798
98,epoxy,0.00020200363606544917,0.42696629213483145,0.0,3.671530645656391e-05,0.062712783,4.536082474226804,163.13888888888889,0.0751510346850484,-1.5132960334225816,4.089989330272628,4.2944764160391795
99,equal,0.00014800266404795285,0.31343283582089554,0.0016564342593155432,0.0018476007825221183,0.098429974,4.141414141414141,148.58333333333334,0.0957953290284548,-1.3643210366240142,3.7368522601755725,4.47384619582905
100,excel,0.00011000198003564065,0.2789115646258503,0.0009877818977569754,3.132378096367124e-05,0.099267936,4.505154639175258,189.80555555555554,0.22916662730286538,-1.5029015382752355,4.077555837988018,4.555048378531871
101,exist,0.0002940052920952577,0.43548387096774194,0.0033128685186310865,0.0010228816731835608,0.098035789,4.051020408163265,172.88888888888889,0.33186031355944023,-1.225197593195921,3.679104398702883,4.233605979609441
102,extra,0.00012400223204017672,0.3673469387755102,0.0010485684760804814,0.0006548660086806334,0.100424328,4.151515151515151,150.25,0.21501733012539745,-1.4365464104473686,3.757865369376176,4.3882706615853335
103,farce,0.0007080127442293962,0.6832740213523132,0.002613822867910766,3.127632877095901e-05,0.071595801,3.948453608247423,122.47222222222221,0.008799048478276953,-1.3740640921853027,3.5544881522705083,3.791278107678438
104,fault,0.0005600100801814433,0.6024590163934426,0.0,0.0004874627654138989,0.095623035,3.9696969696969697,152.91666666666666,0.14913063754621367,-1.4484051407316112,3.5876403364818943,3.9691346257909546
105,favor,0.00035200633611405004,0.48743718592964824,0.0019451705063521976,0.0007785948423293597,0.022335121,4.46875,110.66666666666667,-0.2551121869957725,-1.4955907969226303,3.996363781300423,4.155794209394081
106,feast,0.000688012384222916,0.6,0.0039663242356087775,0.00013189704810819463,0.098357697,3.727272727272727,62.583333333333336,-0.017168442143942204,-1.4323698007627648,3.35282861033106,3.9276722537605826
107,fewer,0.00031600568810238584,0.36771300448430494,0.003115312139079691,0.00033326704911873506,0.063686442,4.74468085106383,151.22222222222223,-0.04843690475412651,-1.6622270114089295,4.265369075482034,4.364354838823338
108,field,0.00036800662411923414,0.5578947368421052,0.0,0.003300686241913487,0.080847055,4.01,150.22222222222223,0.23078732648364952,-1.3546236563845806,3.632078732648365,4.036271767619581
109,flair,0.000520009360168483,0.628099173553719,0.0,1.373268296324212e-05,0.065321267,3.808080808080808,164.58333333333334,0.3459723881546525,-1.443908604390322,3.4618699660881926,3.924453894651826
110,float,0.0005720102961853313,0.5966386554621849,0.002264300042550605,0.00011072215084165847,0.076264907,3.727272727272727,132.58333333333334,0.13264522695688252,-1.4713633136739859,3.367809977241143,3.954510995681754
111,flock,0.0003600064801166421,0.4427860696517413,0.0,0.00011110636646404549,0.083337248,4.151515151515151,174.25,0.2225926299961136,-1.400587473677927,3.758622899363248,4.264970015772718
112,flood,0.00027000486008748155,0.3939393939393939,0.0,0.00035250541872222055,0.075265718,4.181818181818182,203.91666666666666,0.3992214581852135,-1.2557544838187054,3.803558509454885,4.353586011314812
113,floor,0.00034200615611081,0.45248868778280543,0.0019451705063521976,0.0011895032427331365,0.095205148,4.07,236.55555555555557,0.5805605139698716,-0.9518530146111286,3.7210560513969875,4.217937199561896
114,flout,0.0004400079201425626,0.5662100456621004,0.0013221080785362593,3.836564957752066e-06,0.096597146,3.9494949494949494,174.25,0.2695457628859188,-1.4140248533888833,3.5815000308340466,4.022444643276489
115,fluff,8.60015480278645e-05,0.13432835820895522,0.0,5.868971799333288e-06,0.085522981,4.895833333333333,261.6666666666667,0.5159766291833384,-1.1124767739056354,4.457847662918334,4.833179928755565
116,focus,0.00018000324005832104,0.475177304964539,0.0,0.0008823238642124739,0.049806059,4.1020408163265305,152.88888888888889,0.23084912184885834,-1.3240571339237421,3.7149216468787634,4.201282905738918
117,foggy,0.00021800392407063328,0.32727272727272727,0.0,1.383007031223873e-05,0.097295617,4.463917525773196,179.80555555555554,0.2452298291560537,-1.4671316370566498,4.042048756111481,4.478063085521959
118,foray,0.0006180111242002356,0.5909090909090909,0.002993738982432679,8.01449142586808e-06,0.064325201,4.525773195876289,152.4722222222222,-0.04678019104672161,-1.5267494196063667,4.068517857183988,3.9567948860334883
119,forgo,0.0001900034200615611,0.37058823529411766,0.0019451705063521976,1.0702253511915265e-05,0.073385871,4.75,186.66666666666666,0.1823277591647148,-1.4433482142857141,4.293232775916472,4.374890935353356
120,found,0.00042000756013608245,0.30952380952380953,0.003373655096954593,0.007786960001045214,0.061101004,4.344827586206897,64.91666666666667,-0.6997562207098574,-1.2464582979726155,3.8403692055152217,4.428912540526027
121,foyer,0.00046600838815098674,0.3648068669527897,0.003115312139079691,1.7147934983606956e-05,0.075280765,4.698630136986301,77.80555555555556,-0.23129832645061837,-1.6027246351171822,4.205637290642609,4.3713744049916095
122,frame,0.0005800104401879234,0.39372822299651566,0.0022491033979697285,0.0006996660284513504,0.045708966,4.15625,67.66666666666667,-0.7491587911255106,-0.8025431337814557,3.665709120887449,4.324995737861966
123,froth,0.00043600784814126656,0.5363636363636364,0.006519360525196037,1.4351731762586397e-05,0.07606886,4.153061224489796,146.55555555555557,0.12892587690877136,-1.3195329703332814,3.7506476897316934,4.014592122350405
124,fungi,0.0001380024840447128,0.38461538461538464,0.0014436812351832716,8.789672653093802e-05,0.091778203,4.244897959183674,212.2222222222222,0.48003100763319306,-1.1311877415641016,3.868411264028626,4.354720913082831
125,gamer,0.0007120128162306921,0.5578512396694215,0.0043158470609689385,1.3919107546703815e-06,0.074952779,4.361702127659575,102.8888888888889,-0.27922086696864434,-1.4355130639224893,3.8976098281967526,4.001710243425029
126,gauze,0.00039000702012636227,0.3983739837398374,0.0,3.881681325474198e-05,0.094856689,4.709677419354839,140.91666666666666,-0.10760413552178892,-1.6367005061407993,4.227949263867177,4.347083615536947
127,gawky,0.0002200039600712813,0.33816425120772947,0.0,1.6055927604574695e-06,0.086690766,4.921348314606742,177.13888888888889,0.12614815608432592,-1.7465204519466313,4.4418282987545,4.458084091927604
128,gecko,0.00010600190803434462,0.36507936507936506,0.0,1.8093134842395411e-06,0.073764984,4.34020618556701,186.80555555555554,0.351229663573488,-1.2650930971103216,3.941308533367658,4.408551238399888
129,girth,0.00038600694812506624,0.574585635359116,0.005410005470792049,1.7808605609349595e-05,0.077724092,4.123711340206185,126.47222222222223,0.006978760681181767,-1.2916897594184296,3.712038082253685,3.9576223281017127
130,glass,0.0003300059401069219,0.4393939393939394,0.0013221080785362593,0.0010937620066232476,0.072786238,4.288659793814433,137.13888888888889,0.0028596769928156784,-1.3660804278531742,3.860079782132271,4.250061066341771
131,glean,0.0004440079921438586,0.6329787234042553,0.005334022247887666,9.460146386865751e-06,0.086941369,4.051020408163265,162.22222222222223,0.28510470852045733,-1.2567770688684559,3.6744288381989842,3.851122907599429
132,gloat,0.000506009108163947,0.5836909871244635,0.002264300042550605,3.277162461107695e-06,0.078624723,4.13265306122449,114.22222222222221,-0.11708064507433895,-1.3159945646414024,3.707679690594607,3.978906630562948
133,gloom,0.00021400385206933725,0.32571428571428573,0.0008358154519482099,7.0550375169432e-05,0.077772838,4.434343434343434,197.58333333333334,0.3038904027583496,-1.4938872830904715,4.021298131184926,4.470544126099243
134,glory,0.00048800878415811486,0.5680933852140078,0.0019451705063521976,0.0003772761990109149,0.091815037,3.8686868686868685,201.58333333333334,0.3899260597210694,-1.3868576265376027,3.520810787790289,4.00948481584326
135,glyph,0.00013000234004212076,0.41732283464566927,0.0,3.367818219975363e-06,0.099253629,4.03030303030303,287.5833333333333,0.8743224424114308,-0.4741009224561328,3.7147049715138705,4.312399550067043
136,goose,0.0005600100801814433,0.42517006802721086,0.0014132879460215186,4.706485039497436e-05,0.078659687,4.610526315789474,148.80555555555557,-0.04669371564238994,-1.5652625430225526,4.144804312646288,4.280670983377368
137,gorge,0.0004920088561594109,0.4268774703557312,0.0019451705063521976,3.4112608863266365e-05,0.02091236,4.541666666666667,126.0,-0.1541347903092818,-1.5972537163013354,4.072086520969072,4.271178303928461
138,grate,0.0010840195123512223,0.5919732441471572,0.005136465868336272,3.952546945055679e-05,0.093876804,3.7083333333333335,101.0,0.004925926684207867,-1.30026467993334,3.3379925926684213,3.928810376398046
139,grove,0.0006420115562080118,0.4904214559386973,0.002370676554616741,5.127062283974399e-05,0.097566086,4.371134020618556,124.13888888888887,-0.20671101836606914,-1.4160060697094285,3.913349516720094,4.149012613262762
140,gruel,0.0004920088561594109,0.5532786885245902,0.0,7.6150469602385414e-06,0.087936191,4.222222222222222,196.58333333333334,0.3619035657266861,-1.3126695790979177,3.836190356572669,4.062178079674254
141,gully,0.00040400727213089834,0.37333333333333335,0.0008814053856908394,1.652406739570043e-05,0.092238146,4.752688172043011,159.25,-0.07837208423904336,-1.7706281159970327,4.269582146414805,4.382646432820646
142,hairy,0.0006440115922086597,0.5905797101449275,0.0014132879460215186,5.184869354398639e-05,0.069228708,4.0,120.91666666666667,0.07220079564166294,-1.3608514482514258,3.6072200795641662,3.976242987068791
143,happy,0.0002720048960881296,0.39603960396039606,0.0014132879460215186,0.0008886894471185603,0.093469809,3.9081632653061225,189.55555555555557,0.4271388731666679,-1.2535297116995534,3.560060826092177,4.329829747994422
144,havoc,0.00016600298805378498,0.42142857142857143,0.0014132879460215186,3.145620568751932e-05,0.095945203,4.346938775510204,191.2222222222222,0.3366034863431249,-1.3181322022350281,3.945905246593496,4.287638972006397
145,heist,0.0005860105481898674,0.6569037656903766,0.007978238404960184,1.7457422598633584e-06,0.066212325,3.6666666666666665,135.58333333333334,0.1950928064405561,-1.4410245968367998,3.3195092806440556,3.7752227572456976
146,hinge,0.0004580082441483947,0.5299539170506913,0.006291410856482889,4.9301908611869135e-05,0.073851064,4.051020408163265,163.88888888888889,0.2742528706438077,-1.2646958919850617,3.6733436544113194,4.028954126934195
147,hoard,0.00047000846015228276,0.583710407239819,0.0016260409701537902,2.1883185615895833e-05,0.044936984,3.82,146.88888888888889,0.22389572686658904,-1.4988876707688576,3.4603895726866587,3.9864753596039426
148,homer,0.0004900088201587628,0.48444444444444446,0.005151662512917148,2.959637401036401e-06,0.073424906,4.454545454545454,97.8888888888889,-0.4113649696670089,-1.4478027110354685,3.967954412124208,4.126705129442912
149,howdy,0.0002760049680894256,0.40932642487046633,0.0,6.877459640727472e-07,0.093917206,4.510416666666667,162.33333333333334,0.1068515223148697,-1.5130476579991483,4.070060152231487,4.327129481305391
150,humor,0.00032000576010368187,0.5632911392405063,0.0019451705063521976,0.000142815098743014,0.04534142,4.122448979591836,135.22222222222223,0.12024302102645543,-1.3896639567237352,3.722228383735298,4.019562033331562
151,hunky,0.00027000486008748155,0.4948453608247423,0.0,1.2135456870406664e-06,0.090288015,4.608695652173913,151.55555555555554,0.007364654104046978,-1.5055436829748625,4.1485625523669265,4.169746545489757
152,hutch,0.0002200039600712813,0.391025641025641,0.0009117986748525926,2.9211974464749436e-06,0.084999548,4.622222222222222,134.0,-0.16503754996181208,-1.6305413232345733,4.143496245003819,4.349792469981226
153,impel,0.00021600388806998526,0.4791666666666667,0.0,7.483082044459375e-06,0.096081349,4.163265306122449,192.55555555555554,0.4295460383267792,-1.0873119436724201,3.789893379342882,4.198566834787858
154,inane,0.000340006120110162,0.39271255060728744,0.0077654853808279125,5.2892641783655445e-06,0.100259119,4.061855670103093,105.1388888888889,-0.20908511174793507,-1.2493587110351827,3.63476159191799,4.263961672379645
155,inept,0.0002740049320887776,0.5833333333333334,0.004741353109233482,1.1709030867293075e-05,0.095410192,3.900990099009901,198.80555555555554,0.3504089327942166,-1.3999826131600497,3.5459319823883324,3.949625869988486
156,inert,0.00035600640811534606,0.5297619047619048,0.007856665248313173,6.537477554570273e-05,0.069193039,3.98989898989899,144.25,0.08773438885617417,-1.4598247674429083,3.5996825297947086,4.010332198532191
157,infer,0.00032200579610432986,0.4691358024691358,0.006808096772232692,8.893239822536656e-05,0.087881504,4.3052631578947365,137.80555555555554,0.0054031639963656635,-1.353444917118288,3.8752771585048995,4.13443228712248
158,input,0.0001360024480440648,0.3902439024390244,0.0036927846331530003,0.0006155910426660226,0.078242612,3.93,196.55555555555557,0.2860494359073029,-1.4999611741822052,3.5656049435907304,4.314429349998081
159,inter,0.00042000756013608245,0.44505494505494503,0.010212145158349038,0.00030906643083549774,0.090230495,4.020408163265306,158.22222222222223,0.21056664347387613,-1.3715094763918696,3.639424011286163,4.136502450149258
160,ionic,0.00020200363606544917,0.32679738562091504,0.004999696067108383,7.226950557749873e-05,0.101094302,4.595505617977528,117.13888888888887,-0.23867484104538755,-1.5699896682741672,4.112087572075237,4.418289930240662
161,irony,0.000526009468170427,0.5363984674329502,0.0037839645006382595,8.1245694775668e-05,0.087740523,3.9591836734693877,156.22222222222223,0.13729053510809305,-1.558894111600558,3.5769943596332583,4.047186520391202
162,itchy,0.00014200255604600884,0.417910447761194,0.002613822867910766,5.296142907076542e-06,0.096251601,3.8383838383838382,193.91666666666666,0.48604514142444766,-1.1415584581072067,3.5031499686878993,4.27976299543663
163,joust,0.00031800572410303383,0.4084507042253521,0.0029177557595282963,2.241067743255737e-06,0.095907466,3.9591836734693877,156.22222222222223,0.13729053510809305,-1.558894111600558,3.5769943596332583,4.293519856113578
164,judge,0.0002940052920952577,0.3333333333333333,0.0,0.0010487339220503478,0.102093848,4.9411764705882355,147.4722222222222,0.3224266585953732,-1.3978352187780643,4.479301489388949,4.46143794140413
165,khaki,8.000144002592047e-05,0.265625,0.0014132879460215186,1.3742578032885212e-05,0.093769746,4.40625,147.66666666666666,-0.018390360075437436,-1.4085778781038374,3.9637859639924566,4.574457318348361
166,knock,0.0001040018720336966,0.20408163265306123,0.0,0.00010617630434911786,0.096469254,4.191919191919192,223.58333333333334,0.6084036469120637,-0.9399997693960498,3.8335676374184793,4.70428290302338
167,knoll,0.000174003132056377,0.4125,0.0008814053856908394,1.0908155565176275e-05,0.032231687,4.614583333333333,159.66666666666666,0.029739239767822456,-1.5971426205429717,4.156098923976782,4.310597865765561
168,label,0.0004760085681542268,0.509090909090909,0.0008814053856908394,0.0002591331137833919,0.089946781,4.336734693877551,138.22222222222223,-0.03626098599693988,-1.4271060576296772,3.899435125890102,4.131529565211842
169,lapse,0.000692012456224212,0.6184738955823293,0.0014132879460215186,9.48401962180392e-05,0.047681967,3.8585858585858586,159.58333333333334,0.20337733789065032,-1.5241044659108727,3.493065006516338,3.9246821207159943
170,larva,0.00021000378006804122,0.47468354430379744,0.0016260409701537902,5.6822713310302466e-05,0.073713634,4.705263157894737,163.13888888888889,0.10913608159086985,-1.4639992213875814,4.245650450264351,4.186932324001665
171,leave,0.0005480098641775552,0.45075757575757575,0.003571211476505988,0.0020085519989658097,0.095596057,4.319587628865979,160.80555555555551,0.2318400545461952,-1.452618202014703,3.910812871434001,4.197168501108546
172,leery,0.0004980089641613549,0.5040983606557377,0.004376633639292444,2.7258525864762635e-06,0.092701342,4.298969072164948,171.13888888888889,0.30667336010799406,-1.2549846973968886,3.899739500959253,4.0998907946121035
173,libel,0.0002920052560946097,0.45408163265306123,0.001823597349705185,6.197532253058589e-05,0.10081094,4.438775510204081,156.2222222222222,0.08197978623061344,-1.4753059940227713,4.003095937806735,4.222434482899857
174,light,0.0002940052920952577,0.4342105263157895,0.0009421919640143457,0.0036234715062931915,0.039104754,3.9468085106382977,81.22222222222223,-0.24600214225141653,-1.1887244765242977,3.5275274453493264,4.250809802976154
175,lilac,0.0001560028080505449,0.352112676056338,0.0009421919640143457,1.7457864014379742e-05,0.085486341,4.326530612244898,186.8888888888889,0.3144565233814139,-1.2828642364208853,3.92532320335855,4.420960182157684
176,liver,0.0005660101881833873,0.5576923076923077,0.00531882560330679,0.00039813493224926375,0.083553232,4.450549450549451,98.80555555555554,-0.431956810526319,-1.4271310974041056,3.9622988244418735,3.987800562669481
177,lofty,0.00039000702012636227,0.4672897196261682,0.0017780074159625555,0.00010394421205936739,0.094982385,4.268041237113402,143.80555555555554,0.08771189075243005,-1.3454079833130665,3.850008302477305,4.198455994743465
178,loser,0.0007160128882319882,0.6282051282051282,0.00452860008510121,2.2165507770210846e-05,0.079463141,3.836734693877551,122.22222222222223,0.1251272079997722,-1.4321206611570245,3.465573945289773,3.8695608133684924
179,lowly,0.0003240058321049779,0.29545454545454547,0.0,3.21008566001409e-05,0.062631731,4.720430107526882,153.25,-0.017130996888068926,-1.6927048266355127,4.246673997085387,4.53652135533466
180,lunar,0.000340006120110162,0.5508021390374331,0.0016260409701537902,6.352193295119497e-05,0.091794409,3.826530612244898,225.55555555555554,0.4630958432293633,-1.411889150428304,3.4901871353433442,4.046816157882108
181,madam,0.00013000234004212076,0.2909090909090909,0.0008662087411099629,4.052031018846552e-05,0.084597361,4.434343434343434,186.91666666666666,0.30522672819267105,-1.480881223776592,4.021431763728358,4.53438796243206
182,manly,0.0006080109441969955,0.5486381322957199,0.003890341012704395,4.994361675284965e-05,0.093179588,4.329896907216495,179.80555555555554,0.2775809955430902,-1.3276947447559866,3.9246653160491545,4.023543610012112
183,manor,0.0005600100801814433,0.5887850467289719,0.005835511519056593,7.688984097720389e-05,0.076503951,4.020408163265306,143.55555555555554,0.10798841500133174,-1.422846236425155,3.6291661884389086,3.9260435998241423
184,maple,0.0006240112322021796,0.5912698412698413,0.002127530241322716,5.7036248177507496e-05,0.092968043,3.9591836734693877,152.22222222222223,0.2950195136969402,-1.343486600245085,3.592767257492143,3.966325665069014
185,medal,0.0004220075961367305,0.6271186440677966,0.004634976597167346,7.159009317486704e-05,0.093794483,4.040404040404041,175.58333333333334,0.3008659955170618,-1.2835146884219193,3.666450235915343,3.8700151365466553
186,merit,0.0005420097561756111,0.669683257918552,0.0071272263084311,0.0003225332895579376,0.087020731,3.797979797979798,197.91666666666666,0.373336921322118,-1.5087381274238225,3.4555155103140303,3.760279070184059
187,metal,0.0005020090361626509,0.5967741935483871,0.00285696918120479,0.0011099785175978107,0.072243086,3.782178217821782,148.4722222222222,0.24546388623336982,-1.4765105214476162,3.428506784662941,3.9418255688635178
188,midge,0.0003980071641289543,0.5402843601895735,0.0,4.640456600800961e-06,0.084609318,4.268041237113402,194.1388888888889,0.3859848022124999,-1.2246773495074466,3.8798355936233118,4.086107217648677
189,midst,0.0002900052200939617,0.5233160621761658,0.001595647680992037,0.0002470953385391459,0.070281232,4.11,190.8888888888889,0.28308229093978,-1.2985284890111015,3.7273082290939783,4.09679487172366
190,mince,0.0006260112682028277,0.5802469135802469,0.004680566530909975,7.957806287131999e-06,0.064840279,4.08080808080808,146.58333333333334,0.11748412026810502,-1.3592669358042018,3.6844756847540827,3.956059233835496
191,moist,0.0006300113402041236,0.5310077519379846,0.0033128685186310865,0.00013164452151674544,0.039250307,3.63,113.55555555555556,0.2720980423986693,-1.42038173873415,3.2942098042398666,4.062525991319962
192,molar,0.00044800806414515464,0.6124401913875598,0.0016260409701537902,6.285521125126536e-05,0.093048481,4.153061224489796,176.2222222222222,0.3240564229748416,-1.2461648185812488,3.7701607443383005,3.9333874218442233
193,money,0.0007140128522313402,0.5590277777777778,0.0037231779223147535,0.003461343181193072,0.072567701,3.9393939393939394,148.91666666666666,0.2905487175471322,-1.3147800958799312,3.5745094172092586,3.9884039453033147
194,month,0.00040400727213089834,0.6230366492146597,0.009665065953437482,0.00185556465827576,0.046754444,3.98989898989899,164.25,0.2992832987663612,-1.3560693989792632,3.6208374207857275,3.8073890869642986
195,motto,0.00015200273604924888,0.3072289156626506,0.0015804510364111606,5.3218001973221084e-05,0.085582534,4.520408163265306,218.2222222222222,0.3663773991410811,-1.5073777070777037,4.105005086852884,4.495667669505969
196,mount,0.000516009288167187,0.5127118644067796,0.0029025591149474195,0.00012614632055186402,0.034507178,3.826530612244898,136.88888888888889,0.194435983537467,-1.4994307640411535,3.463321149374155,4.101176738311667
197,mourn,0.000348006264112754,0.5678391959798995,0.0021427268859035924,3.500684359569607e-05,0.043600897,3.8686868686868685,142.25,0.23340855680495767,-1.4646915471597877,3.505159037498678,4.009378062657801
198,movie,0.00038400691212441825,0.5473251028806584,0.0,0.00020560777609690664,0.052327129,4.28125,107.66666666666667,-0.14232304368991175,-1.3652963222114656,3.8388926956310088,4.072087594880189
199,mummy,0.0001380024840447128,0.18085106382978725,0.0,1.458704313993534e-05,0.103179753,5.144578313253012,193.80555555555554,0.5562324726357768,-1.2641907482454946,4.685743729191288,4.747518284735772
200,naive,0.000518009324167835,0.5097276264591439,0.001261321500212753,5.9567031788826434e-05,0.094545952,4.05050505050505,118.91666666666667,-0.02313434266884776,-1.4580679251731916,3.6431411111876604,4.126827954476035
201,nasty,0.0006100109801976436,0.579185520361991,0.0029177557595282963,4.9568781215068543e-05,0.04202422,4.0,113.47222222222221,-0.009575289589057056,-1.4597400106968055,3.5990424710410944,3.9790670216508808
202,natal,0.00036200651611729013,0.5054347826086957,0.003920734301866148,1.6245791552391884e-05,0.063466166,4.494845360824742,161.47222222222223,0.06990060408967828,-1.5022608555558143,4.0523508851512355,4.102861929687037
203,needy,0.0002960053280959057,0.38967136150234744,0.002826575892043037,6.333984895590385e-05,0.086854599,4.191919191919192,208.25,0.4265898422865085,-1.1155703577949787,3.815386256955924,4.32885676471118
204,night,0.0002880051840933137,0.42857142857142855,0.0,0.0026165286200105675,0.082498401,3.967741935483871,89.91666666666667,-0.08620392514827183,-1.3015191871785998,3.562347349420657,4.277882273126517
205,nymph,5.800104401879234e-05,0.3013698630136986,0.0,1.703130926500686e-05,0.060041821,4.452991452991453,222.58333333333334,0.1787235409658312,-1.0663416052247185,4.0255646617888905,4.525715097133132
206,olive,0.00048400871215681883,0.5407725321888412,0.002203513464227099,0.00013627000676682245,0.067830309,4.03030303030303,135.58333333333334,0.11528211289669224,-1.4364551179787615,3.6388009385623965,4.057919724112724
207,onset,0.0004400079201425626,0.6666666666666666,0.00408789739225579,0.00018792723623091184,0.089393939,3.96,211.22222222222226,0.3684043495496986,-1.3721463910159974,3.60084043495497,3.8032223977719717
208,other,0.0002940052920952577,0.5095541401273885,0.013190687496200839,0.025668141715992663,0.039059165,3.9381443298969074,105.13888888888887,-0.05881592364647812,-1.4393319942971714,3.5384483045425688,3.847777495752874
209,oxide,0.00022800410407387332,0.32989690721649484,0.0011549449881466172,0.00030384301117260113,0.071053035,4.618556701030927,164.47222222222223,0.025565763691360936,-1.6028989589066949,4.15925760729697,4.457761957449328
210,panic,0.0004060073081315464,0.5837837837837838,0.00408789739225579,0.0001357984276113412,0.022610258,3.7,179.55555555555557,0.3799890631239722,-1.5242967907558083,3.367998906312397,3.9560270556497166
211,parer,0.0007220129962339322,0.45588235294117646,0.007552732356695641,3.386284112023068e-07,0.110697151,5.0576923076923075,65.8888888888889,0.38440514103056617,-1.272382404044943,4.590363591026134,4.150304327665747
212,patty,0.000532009576172371,0.47244094488188976,0.002264300042550605,2.7713551929762854e-06,0.083344836,4.336734693877551,194.22222222222226,0.387576803042897,-1.2174966879441174,3.9418189047940855,4.183642312650639
213,pause,0.0007600136802462445,0.6319444444444444,0.0014132879460215186,0.00016361497654854146,0.044221369,3.9591836734693877,117.55555555555556,0.053932365656375436,-1.418182110555637,3.5686585426880866,3.899528691435863
214,peach,0.0004460080281445066,0.463519313304721,0.001960367150933074,5.326674162852628e-05,0.075759197,3.52,191.55555555555554,0.42858336187082247,-1.3744011121817816,3.2108583361870826,4.203461792465927
215,perky,0.0003880069841257143,0.4675324675324675,0.003115312139079691,3.0629102933151495e-06,0.037539398,4.34375,114.66666666666667,-0.13926446933070616,-1.4228806111411574,3.8954485530669296,4.182403364733481
216,photo,0.00014200255604600884,0.2988505747126437,0.0015804510364111606,0.00021037138769088633,0.093852909,3.77,266.22222222222223,0.56377938631906,-1.349865594020084,3.449377938631906,4.510255381585293
217,piety,0.000508009144164595,0.5387755102040817,0.0,9.135724205760703e-05,0.078084369,4.03030303030303,203.58333333333334,0.46957075265766596,-1.0974746529509747,3.674229802538494,4.088425451596418
218,piney,0.0006520117362112518,0.6258992805755396,0.004741353109233482,1.120973448141753e-06,0.133335757,4.454545454545454,202.91666666666666,0.28022600773250517,-1.4511363626780902,4.0371135098641595,3.8713479096545544
219,pinto,0.0003060055080991458,0.5617283950617284,0.006853686705975321,2.784781588588661e-06,0.080257365,3.98989898989899,202.91666666666666,0.4794978354533977,-1.096748057292479,3.638858874454431,3.96393979354378
220,plant,0.000690012420223564,0.6795366795366795,0.004604583308005592,0.0021590563760837084,0.064839976,3.3366336633663365,179.80555555555557,0.4192133574084637,-1.2254987615791026,3.0448916327705495,3.762880201548769
221,pleat,0.0006380114842067157,0.695067264573991,0.004574190018843839,1.8345643041521846e-06,0.041183945,3.857142857142857,114.55555555555554,0.06911431725361412,-1.4171808749333228,3.478340003153933,3.7460719837304977
222,point,0.000678012204219676,0.6529850746268657,0.0052732356695641604,0.005658030249636944,0.025279558,3.4693877551020407,161.55555555555557,0.3938460333968221,-1.213820812103026,3.161833582931519,3.785173284966471
223,poise,0.0007200129602332842,0.6405228758169934,0.003130508783660568,1.735744193212828e-05,0.094226123,3.65,149.88888888888889,0.3866828518412869,-1.4732863648278027,3.323668285184129,3.8637908279903996
224,poker,0.0004300077401393225,0.4260869565217391,0.003115312139079691,2.7836412645777468e-05,0.089891452,4.378947368421053,119.80555555555556,-0.1763533419776423,-1.3942662736401725,3.9234172973811834,4.258544388215342
225,power,0.0006140110521989395,0.43162393162393164,0.003115312139079691,0.006135862794855447,0.085424359,4.178947368421053,89.80555555555554,-0.14483207328556846,-1.3349498851399917,3.746569424250391,4.216059818655928
226,prick,0.00043200777613997053,0.4732142857142857,0.0021731201750653456,2.0134075721735733e-05,0.027067114,3.836734693877551,143.88888888888889,0.21286635299680126,-1.5527353498009866,3.4743478597894764,4.183227741073912
227,prime,0.0008520153362760529,0.5197132616487455,0.0023098899762932345,0.0003419702962471952,0.092357036,3.898989898989899,114.91666666666667,0.03409374905301914,-1.3726344772751535,3.5125002839962107,4.094303611515014
228,primo,0.0003580064441159941,0.5104166666666666,0.0011093550544039876,5.9390833336817455e-06,0.078426119,4.173469387755102,176.88888888888889,0.2849626712790948,-1.2345876682407009,3.7846187161075013,4.12767747325084
229,prize,0.0006600118802138438,0.47191011235955055,0.0011093550544039876,0.0002241637905261194,0.089579266,4.652631578947369,127.47222222222221,0.005957497870820865,-1.398565956916786,4.187964170839714,4.197387114174899
230,probe,0.000682012276220972,0.5513307984790875,0.001990760440094827,0.0001488786797094357,0.094517131,4.103092783505154,127.47222222222223,-0.05598503938648608,-1.4605999044300515,3.6871850012159904,4.0409903376063
231,proxy,0.00032000576010368187,0.4016393442622951,0.0011093550544039876,6.850551672534451e-05,0.028087803,4.684210526315789,139.13888888888889,-0.09541099349537456,-1.6774757323421956,4.206248374334674,4.327529137791071
232,purge,0.0005400097201749631,0.5805084745762712,0.0008206188073673334,3.194893601417073e-05,0.054565169,4.151515151515151,148.25,0.13960741565801132,-1.4132330818515053,3.7503243779294375,4.002034897479708
233,quart,0.0003640065521179381,0.4090909090909091,0.0016260409701537902,4.7305973746314404e-05,0.090093285,4.23469387755102,135.22222222222223,0.004498808426259521,-1.376830156729272,3.8116743706385443,4.307692505959154
234,query,0.00024600442807970544,0.3116279069767442,0.003115312139079691,0.00011082294077036507,0.020927063,4.377551020408164,126.8888888888889,-0.043791270837608746,-1.4660472149208232,3.9354167912835862,4.468744145557587
235,quirk,0.000168003024054433,0.29545454545454547,0.0,4.082028897262694e-06,0.098651225,4.13265306122449,185.88888888888889,0.3465898516261558,-1.1909583987303716,3.754046740264657,4.536669498954553
236,rainy,0.0007960143282579086,0.6404109589041096,0.004741353109233482,6.480498138670084e-05,0.092395805,3.44,187.55555555555554,0.3940913102412788,-1.3630737460973472,3.135409131024128,3.8443054103631296
237,recap,0.0003080055440997938,0.5878378378378378,0.0028113792474621607,4.010869000517106e-06,0.09069302,3.9696969696969697,170.25,0.16926110198531255,-1.576333499367131,3.589653382925804,3.964668881427264
238,renew,0.0002920052560946097,0.4744897959183674,0.006063461187769741,9.180270411477378e-05,0.054307781,4.257731958762887,139.13888888888889,0.004016829905907275,-1.4107351028480137,3.832360445877189,4.1335508286709155
239,retro,0.00025200453608164946,0.4716981132075472,0.003920734301866148,9.566748289563459e-06,0.080190055,4.061224489795919,148.88888888888889,0.14223665337943261,-1.392667631989307,3.6693257061542703,4.164982701466592
240,rhyme,0.0001880033840609131,0.3858695652173913,0.001200534921889247,4.872347006117161e-05,0.089607564,4.112244897959184,184.88888888888889,0.375658453266869,-1.1971478885447486,3.7385862534899523,4.355554386299292
241,rival,0.0002840051120920177,0.5031055900621118,0.002765789313719531,0.00017700532320831356,0.095914502,3.9696969696969697,152.91666666666666,0.14913063754621367,-1.4484051407316112,3.5876403364818943,4.120236829612683
242,robin,0.0002940052920952577,0.6206896551724138,0.004802139687556988,1.5519331588148603e-05,0.011709332,3.9292929292929295,150.91666666666666,0.1715225851237697,-1.5825010724997641,3.5535158948760137,3.880125430059641
243,robot,0.0002920052560946097,0.5,0.0011093550544039876,6.74225767614313e-05,0.027008083,3.88,143.2222222222222,0.19190332255047635,-1.4964168373436144,3.5111903322550475,4.146522142295396
244,roomy,0.00036200651611729013,0.38976377952755903,0.0019451705063521976,9.287865499603945e-06,0.084603678,4.275510204081633,209.55555555555554,0.4966949710577432,-1.0882210719382308,3.897628680779244,4.33960973627992
245,royal,0.0004400079201425626,0.5657142857142857,0.002765789313719531,0.0003964575524138547,0.06331207,4.040816326530612,151.2222222222222,0.2597707848306234,-1.3259516034207888,3.662711772360613,4.0038579902348825
246,ruder,0.0004820086761561708,0.4672897196261682,0.004270257127226309,4.092365382651948e-06,0.089113665,4.427083333333333,151.66666666666666,0.02409224665869347,-1.4347252747252746,3.986784224665869,4.1689061715188265
247,rupee,0.0004340078121406185,0.5115384615384615,0.0,1.840814015424904e-05,0.044045691,4.326530612244898,164.55555555555557,0.19505407051388748,-1.4372134819575983,3.9133829580717974,4.138935386240553
248,rusty,0.0004460080281445066,0.5406698564593302,0.001595647680992037,3.605943622706076e-05,0.078374628,3.673469387755102,199.88888888888889,0.47748541342211975,-1.4544452309834286,3.353870990321804,4.065974561176705
249,saint,0.001208021744391399,0.649390243902439,0.0052732356695641604,9.662186052347863e-05,0.090523872,3.585858585858586,146.58333333333334,0.2837086549400042,-1.3183113176416519,3.2556435927667278,3.8211936070765926
250,saute,0.0009640173523123416,0.625748502994012,0.001823597349705185,3.927662132365894e-06,0.051737752,3.808080808080808,157.58333333333334,0.24669162048200508,-1.5695606201660515,3.4519418893209277,3.9068235427945526
251,scald,0.00045400817214709865,0.5358649789029536,0.0016564342593155432,6.235604361164913e-06,0.092824097,4.153061224489796,156.22222222222223,0.16801872892891523,-1.2917399318911638,3.7545569749337075,4.074241041206228
252,scare,0.0010760193683486304,0.5732899022801303,0.0044374202176159505,4.151404738700884e-05,0.063829184,3.96875,70.66666666666667,-0.5605602835842636,-0.8644090423638309,3.5158189716415738,3.9716191888431016
253,scorn,0.0005680102241840354,0.6396396396396397,0.003145705428241445,6.659988816452507e-05,0.091567114,3.85,169.88888888888889,0.1994225732313808,-1.5503021805161257,3.4849422573231386,3.8649724839559987
254,scour,0.0004620083161496907,0.5752212389380531,0.0033432618077928397,1.737702975586414e-05,0.074986812,3.7676767676767677,187.58333333333334,0.3285118751530322,-1.5423123066287139,3.4237602784243943,3.9813974511623154
255,scrap,0.0003780068041224742,0.5691489361702128,0.0010485684760804814,0.00011670554128086106,0.074430509,3.87,136.55555555555554,0.1831488596987002,-1.4249136510462834,3.50131488596987,4.019740662530657
256,sever,0.0004760085681542268,0.38028169014084506,0.005789921585313963,2.478604591658237e-05,0.084206824,4.586956521739131,128.88888888888889,-0.18970756660615115,-1.581826694411415,4.109290112904603,4.310577183812294
257,shake,0.0008940160922896612,0.5145631067961165,0.0014132879460215186,0.00016435103730526375,0.037330082,4.384615384615385,76.47222222222221,-0.5593737004325858,-1.3370151691335896,3.8902164761105884,4.115541205819303
258,shall,0.0005900106201911635,0.5092250922509225,0.0039511275910279016,0.012520555324285993,0.056979942,4.410526315789474,127.80555555555554,-0.1655938315569925,-1.4473722461230347,3.952914301054827,4.029405946464058
259,shame,0.0007520135362436524,0.3557692307692308,0.002613822867910766,0.00020492909938718524,0.065558385,4.042105263157895,65.47222222222223,-0.7029983141530252,-0.7380029948974425,3.5675949054268026,4.39306571150698
260,shard,0.0006260112682028277,0.528957528957529,0.003039328916175309,3.082350978468959e-06,0.040787211,4.144329896907217,95.13888888888887,-0.3097140052032502,-1.4008107837391435,3.6989255066961704,4.070279972248743
261,shawl,0.00040400727213089834,0.5084033613445378,0.0014132879460215186,2.60931882948995e-05,0.061264472,4.416666666666667,141.0,-0.017320855114134077,-1.4647150545747196,3.973267914488587,4.127607969842318
262,shine,0.0010980197643557584,0.6515151515151515,0.005896298097380098,8.659215907780681e-05,0.069108982,3.66,129.88888888888889,0.10105366903930181,-1.418193553013733,3.30410536690393,3.8098167358383277
263,shire,0.00101601828832919,0.6024844720496895,0.003966324235608778,2.2232639748272722e-05,0.025382881,3.8282828282828283,144.58333333333334,0.23957288132061338,-1.536146301356211,3.469411833586607,3.923679917128675
264,shown,0.00043200777613997053,0.5668202764976958,0.0,0.0035045283550257525,0.066325139,4.0,159.22222222222223,0.22003386353879167,-1.3777926251370232,3.6220033863538794,4.0187683606738505
265,showy,0.0004280077041386745,0.47619047619047616,0.0,1.8747478509109752e-05,0.077841966,4.36734693877551,182.88888888888889,0.272268191806997,-1.3516319248105424,3.957839064078659,4.203984348104796
266,shrug,0.00030000540009720173,0.5105263157894737,0.0,2.6337254417880615e-05,0.087943471,4.151515151515151,163.91666666666666,0.14509505991378321,-1.4192286608036155,3.750873142355015,4.140756110500757
267,skill,0.00043600784814126656,0.4672489082969432,0.0008814053856908394,0.0004878048626171731,0.044100341,4.34020618556701,134.13888888888889,0.02902506151055467,-1.3601760880639298,3.9090880731613646,4.207322178442825
268,slate,0.001532027576496377,0.6967930029154519,0.00408789739225579,8.870231026768052e-05,0.093118032,3.4285714285714284,107.22222222222223,0.48553578044579343,-1.2870530752503422,3.134267863758865,3.748305652468791
269,slosh,0.0004240076321373785,0.48314606741573035,0.0,1.4346085319500098e-06,0.054988418,4.309278350515464,165.1388888888889,0.15672509264187715,-1.3055200000565887,3.894023024728105,4.191275539530195
270,sloth,0.0005920106561918114,0.6192307692307693,0.005410005470792049,1.1201972921214211e-05,0.09184552,3.5757575757575757,207.58333333333334,0.4901683302419848,-1.4515874974073668,3.2671986512060167,3.8754969979899587
271,slump,0.0003880069841257143,0.5049019607843137,0.0,2.7154057471504702e-05,0.016891976,4.101010101010101,180.58333333333334,0.37643678340436443,-1.1839227886349104,3.7285527692495277,4.151102269846104
272,slung,0.0005280095041710751,0.5043859649122807,0.0014436812351832716,2.1871782375786696e-05,0.071610746,4.373737373737374,187.58333333333334,0.26467781410433877,-1.3929411105306668,3.9628314177740704,4.134656686159515
273,smear,0.000518009324167835,0.5219298245614035,0.0038751443681235183,2.7553722645007323e-05,0.088065594,4.336734693877551,194.22222222222226,0.387576803042897,-1.2174966879441174,3.9418189047940855,4.072996584756312
274,smelt,0.0006020108361950515,0.6596638655462185,0.001200534921889247,1.857036044096294e-05,0.05055392,4.255102040816326,137.88888888888889,0.03977790532403593,-1.391225526449583,3.833569627267097,3.851851258765056
275,smite,0.0007980143642585567,0.6292517006802721,0.0035256215427633586,1.0785202887547883e-05,0.078847028,4.111111111111111,142.25,0.1190619405924279,-1.276305669923184,3.7119061940592424,3.8797994490832792
276,snarl,0.0005920106561918114,0.5511811023622047,0.0016260409701537902,8.682298272840313e-06,0.096451319,4.239583333333333,115.33333333333333,-0.19053718158073452,-1.301931237261519,3.7965712818419264,4.046408706150196
277,sneak,0.00042000756013608245,0.5833333333333334,0.002097136952160963,2.4614261622034995e-05,0.094463358,3.9292929292929295,164.25,0.2232748419368092,-1.437617137998698,3.5586911205573175,3.981469415326341
278,snout,0.0006140110521989395,0.5910931174089069,0.0013221080785362593,2.9085067437728352e-05,0.06161855,4.336842105263158,100.47222222222223,-0.40306749658123947,-1.4418370718741387,3.8628511450787184,3.9765189297613732
279,soggy,0.000340006120110162,0.34057971014492755,0.0,7.828342727247739e-06,0.09320639,4.288659793814433,184.80555555555557,0.3227151716864675,-1.2619575676506902,3.8920653316016365,4.45360603103422
280,solar,0.0007380132842391163,0.6273062730627307,0.0016260409701537902,0.0003314351737721699,0.023639252,3.787878787878788,144.91666666666666,0.23387438536388816,-1.5359762390459901,3.432478347627298,3.9046093715082817
281,spade,0.00068401231222162,0.5255972696245734,0.0011549449881466172,2.6038930942767295e-05,0.093699728,3.8282828282828283,160.91666666666666,0.31744863520830113,-1.4286144915160828,3.4771994089753755,4.099084193574282
282,spell,0.00041400745213413843,0.4590909090909091,0.0008814053856908394,0.00013924441320303248,0.093007019,4.1020408163265305,169.55555555555554,0.23404785602246328,-1.3388818367175166,3.7152415202961238,4.224178251335723
283,spiel,0.0007160128882319882,0.6523297491039427,0.0,2.0118074400937422e-06,0.096616696,3.85,183.2222222222222,0.2753635049103095,-1.541102698917807,3.492536350491031,3.879924435037071
284,spill,0.0004940088921600589,0.48760330578512395,0.0008814053856908394,5.739158785316652e-05,0.04061394,4.030612244897959,140.2222222222222,0.12892549456495847,-1.4694847059355385,3.6404435698646593,4.1721397812347405
285,spoke,0.0006040108721956995,0.5802919708029197,0.0,0.0007506881710106517,0.092278329,3.8585858585858586,198.91666666666666,0.3464651092020598,-1.4765221264673944,3.5073737836474788,4.008536802515737
286,squad,0.00021000378006804122,0.41025641025641024,0.0,5.073632586366248e-05,0.065884838,4.298969072164948,142.47222222222223,-0.041206152972186987,-1.4180243688276282,3.8649515496512348,4.325153411648645
287,stair,0.000692012456224212,0.6343283582089553,0.001595647680992037,3.0153661389891365e-05,0.063609269,3.35,147.88888888888889,0.25499033321233955,-1.318200163584545,3.0404990333212343,3.8936464205750756
288,stale,0.0015020270364866568,0.658307210031348,0.004513403440520334,3.795586862650187e-05,0.096980816,3.525252525252525,103.58333333333333,-0.0910618374235089,-1.419088973877204,3.163621088984922,3.8142639854306326
289,stead,0.000516009288167187,0.5348837209302325,0.004467813506777703,4.7281879803503166e-05,0.083513823,4.255102040816326,100.88888888888887,-0.3055100859947226,-1.3898993770498165,3.7990408281352215,4.041900632506115
290,stein,0.0004620083161496907,0.5668202764976958,0.007112029663850222,2.9708567179179747e-06,0.094822348,3.65,156.55555555555557,0.2788663330457417,-1.4714330112462675,3.3128866333045743,3.951450423182022
291,stick,0.00046000828014904267,0.5474137931034483,0.004695763175490851,0.0002819451116984999,0.091776932,3.6464646464646466,196.91666666666666,0.4603237663447204,-1.5082661908112602,3.327850558452654,4.014849843213404
292,sting,0.0005860105481898674,0.5291479820627802,0.008768463923165767,4.273125130704582e-05,0.091953667,3.81,135.2222222222222,0.20536707156310713,-1.444645122609107,3.449536707156311,4.000577659131706
293,stomp,0.0003080055440997938,0.4484536082474227,0.004011914169351408,3.7373383764797862e-06,0.085854859,4.030927835051546,123.80555555555554,-0.012152467566684668,-1.3817420912688538,3.626619804789723,4.206689886564641
294,story,0.0006660119882157878,0.5331010452961672,0.005121269223755396,0.0017961611342362405,0.06827473,4.0,94.55555555555556,-0.22324008608688922,-1.343394996692907,3.577675991391311,4.028048210285757
295,stove,0.0006600118802138438,0.4746376811594203,0.0044374202176159505,0.00010096925385347466,0.058922846,4.462365591397849,97.58333333333333,-0.44607201917518635,-1.3635196147139705,3.9715218303405453,4.152854119945136
296,study,0.0004240076321373785,0.5461847389558233,0.001595647680992037,0.0044177439645403434,0.936161931,3.9693877551020407,147.55555555555554,0.13821783416246994,-1.4975198232689793,3.5862707630080837,4.0326583156370965
297,sugar,0.00041400745213413843,0.5907172995780591,0.0016260409701537902,0.0007151615603738519,0.031504609,4.010204081632653,137.88888888888889,0.13982882992859688,-1.4694863451987268,3.6231665564622477,3.969915041021948
298,sweet,0.0005460098281769072,0.48014440433212996,0.0,0.000516143753520663,0.047076005,4.275510204081633,119.88888888888891,-0.04006417252447316,-1.4162222426456386,3.8439527664210225,4.194078072456091
299,swill,0.0004160074881347864,0.4219409282700422,0.0008814053856908394,2.9070353579523015e-06,0.039815533,4.866666666666666,156.33333333333334,0.14529175110270834,-1.6657862075549759,4.394529175110271,4.293266067463174
300,tacit,0.00040200723613025035,0.5590909090909091,0.001702024193058173,3.53173060038288e-05,0.040591864,4.224489795918367,125.55555555555556,-0.07623964972239265,-1.4363959589631137,3.794416851354291,4.030794488357777
301,tangy,0.0005880105841905154,0.5344129554655871,0.004467813506777703,3.0484539276284006e-06,0.023512544,4.231578947368421,109.1388888888889,-0.20399831842316232,-1.412438692104271,3.7880212207892625,4.043000855182743
302,taper,0.0008920160562890132,0.6385542168674698,0.003115312139079691,3.479533188399427e-05,0.095100605,3.979381443298969,116.80555555555556,-0.07227590750021082,-1.4130075033826723,3.574215708219051,3.867504945057866
303,taunt,0.0006440115922086597,0.48412698412698413,0.0015804510364111606,9.82896763510542e-06,0.092319912,4.2988505747126435,90.25,-0.3662341449190844,-1.3021539122627972,3.832342102749471,4.170352272036935
304,tease,0.0008020144362598527,0.5631067961165048,0.005607561850343445,2.124478809301153e-05,0.049414606,3.613861386138614,128.80555555555557,0.060362504732630405,-1.3968176292843628,3.2585114979980156,3.976344408582523
305,tepid,0.00033800608410951397,0.6416184971098265,0.001823597349705185,1.0016716465805592e-05,0.095351426,3.606060606060606,218.91666666666666,0.4630981210864384,-1.469536071561624,3.2917643575631894,3.87758586151746
306,their,0.0004000072001296023,0.6417910447761194,0.010075375357121148,0.033089995717995056,0.052984404,3.505050505050505,157.91666666666666,0.4043924965275813,-1.3518017836133138,3.194984704198213,3.6027781781529695
307,theme,0.0003540063721146981,0.48695652173913045,0.011275910279010395,0.00036800462910927337,0.090420241,3.808080808080808,201.91666666666666,0.45744729088829245,-1.2292953977130363,3.4730174563615566,4.046241450920604
308,there,0.000512009216165891,0.5140562248995983,0.016002066743662998,0.02099281327124504,0.09211724,3.59,175.88888888888889,0.27290027463065464,-1.4530603709900958,3.2582900274630653,3.8302829462091115
309,third,0.0003880069841257143,0.6616161616161617,0.006564950458938667,0.0028322705659464043,0.093673613,3.4356435643564356,286.47222222222223,0.7874456248971986,-0.972638373716971,3.170823770410512,3.7686410487695152
310,thorn,0.00040200723613025035,0.6615384615384615,0.007355175977144247,2.9882190706002794e-05,0.038562979,3.505050505050505,177.91666666666666,0.46457266009554854,-1.265254347909548,3.20100272055501,3.774064221681904
311,those,0.0007180129242326361,0.6666666666666666,0.006823293416813568,0.011706198449588548,0.038690451,3.6363636363636362,142.25,0.28409829388886265,-1.377120777363549,3.301137102116159,3.709309791963048
312,thyme,0.0003120056161010898,0.4742268041237113,0.006610540392681296,1.578592830650666e-05,0.091406882,3.95959595959596,200.58333333333334,0.5067215831231578,-1.102959809957421,3.6143085219486797,4.127834296990726
313,tiara,0.0003120056161010898,0.47596153846153844,0.004710959820071728,5.02844264935309e-06,0.075838737,3.77,184.55555555555554,0.33832798672207454,-1.4996036493977176,3.4268327986722076,4.147623878857418
314,tibia,0.00018000324005832104,0.4533333333333333,0.002036350373837457,3.724555712163895e-05,0.095922831,4.391752577319588,212.13888888888889,0.45248636818028665,-1.2192984647477088,3.997825956405658,4.221374714140683
315,tipsy,0.0004280077041386745,0.5442477876106194,0.002036350373837457,6.111345828620794e-06,0.071173552,3.8181818181818183,208.25,0.40263159841394325,-1.4952045644188048,3.476626796205031,4.05422982314311
316,today,0.0004860087481574668,0.556910569105691,0.0015804510364111606,0.001676658856356999,0.048701113,3.878787878787879,155.25,0.24891374454448897,-1.5083925205048219,3.51580046536354,4.02759592156623
317,torso,0.0003540063721146981,0.576530612244898,0.0035256215427633586,2.537276101252041e-05,0.094667616,3.857142857142857,210.2222222222222,0.37042859232925146,-1.5792728032575118,3.508471430661497,3.976744728621145
318,train,0.0007700138602494844,0.6735537190082644,0.004741353109233482,0.0007938089717136839,0.067220418,3.1313131313131315,115.91666666666667,0.11418157740206557,-1.5867611496520975,2.829599975922025,3.779458467245785
319,trait,0.0007660137882481885,0.5940959409594095,0.0027505926691386543,8.348036199060442e-05,0.075492413,4.122448979591836,140.22222222222223,0.15301537936256338,-1.2260404710657244,3.725505619568909,3.953465545279806
320,trash,0.0006640119522151399,0.6477732793522267,0.002370676554616741,5.916092930235897e-05,0.065643401,3.4242424242424243,133.58333333333334,0.16062874505814811,-1.3678228866726418,3.0978810563239967,3.8593969637170944
321,treat,0.0006480116642099558,0.5352697095435685,0.006124247766093246,0.0004407315517537307,0.084952281,3.45,123.22222222222221,-0.10752329578720546,-1.4358852604438965,3.09424767042128,4.019119305217207
322,trice,0.0011540207723739026,0.7266666666666667,0.0031609020728223212,3.091418393588001e-06,0.0978602,4.202247191011236,86.47222222222223,-0.48740397099680866,-1.314290124963251,3.7332820748104316,3.704969380786627
323,trite,0.0009000162002916053,0.5100671140939598,0.004634976597167346,1.1792532012608396e-05,0.08724578,4.541176470588235,84.1388888888889,-0.48447225434224067,-1.4796047146757096,4.038611598095188,4.0857407658968885
324,trope,0.0009240166322993814,0.6605166051660517,0.0011093550544039876,1.0581048104948755e-05,0.06006616,3.585858585858586,126.25,0.13252895363820535,-1.3113773159494166,3.240525622636548,3.851424613424151
325,trove,0.0007300131402365243,0.5185185185185185,0.002370676554616741,5.723414957036935e-06,0.041109462,4.43010752688172,87.58333333333333,-0.5002091730536038,-1.446272454940743,3.9370758568881876,4.097546522604704
326,tryst,0.0003060055080991458,0.49038461538461536,0.001595647680992037,3.4717900205188654e-06,0.085036776,4.03030303030303,216.25,0.4050248676913032,-1.2546413177854254,3.667775214041858,4.1586865894660505
327,twang,0.00024600442807970544,0.5606936416184971,0.004467813506777703,4.1502276300444575e-06,0.090789398,4.11,224.88888888888889,0.538945122679855,-0.9987643339217924,3.7528945122679858,3.9946307881830814
328,twice,0.0005280095041710751,0.6153846153846154,0.0020515470184183336,0.0006585076885864557,0.088594164,3.9,179.2222222222222,0.345483997573026,-1.3909059566779367,3.544548399757302,3.9196841949590975
329,twine,0.0005720102961853313,0.5866141732283464,0.004741353109233482,2.454124410069098e-05,0.09222946,3.898989898989899,201.91666666666666,0.42817066427144174,-1.2569625692969542,3.551907975518053,3.943520305842161
330,ulcer,0.0004060073081315464,0.576530612244898,0.004103094036836667,6.757284203835336e-05,0.038127721,4.319587628865979,118.80555555555556,-0.1260588766224088,-1.4524101898628685,3.8750229783171406,3.96955236553159
331,ultra,0.00021200381606868924,0.556390977443609,0.0010485684760804814,8.300602398670968e-05,0.034496174,4.040404040404041,129.58333333333334,0.13558332328133924,-1.3485195562494188,3.6499219686917708,4.043397262006896
332,undue,0.00021400385206933725,0.38922155688622756,0.0020515470184183336,0.00012081751287957162,0.097560976,4.303030303030303,161.91666666666666,0.10556548065824507,-1.416591594355763,3.883283820793097,4.338734089836486
333,unfit,0.00019200345606220913,0.40601503759398494,0.001702024193058173,7.491671259186744e-05,0.089734204,4.1313131313131315,183.58333333333334,0.24121336859675174,-1.3554384325917141,3.7423031550414936,4.31229002889094
334,unite,0.0005560100081801472,0.5947136563876652,0.0035256215427633586,0.00012189751007184377,0.093748862,3.717171717171717,147.91666666666666,0.19761228413234366,-1.5187291410434434,3.36521577386778,3.9427721910410254
335,upset,0.00034200615611081,0.5786516853932584,0.0014132879460215186,0.0001666934835315543,0.085020243,3.919191919191919,195.25,0.3219995034716132,-1.4663265356309665,3.5594726776198886,3.997586865792772
336,usual,0.00010800194403499263,0.2992125984251969,0.0016564342593155432,0.001066236056385603,0.09834806,4.212121212121212,187.58333333333334,0.34797347913129245,-1.210944698846517,3.82570643882222,4.504146942401939
337,usurp,8.40015120272165e-05,0.36633663366336633,0.0008206188073673334,1.1959129672138387e-05,0.09590177,4.175257731958763,180.4722222222222,0.31591570856717527,-1.2697139269994704,3.7893235296196046,4.396280171493554
338,valet,0.0005300095401717231,0.5910931174089069,0.0029177557595282963,1.8969657768010426e-05,0.095539335,4.13265306122449,174.88888888888889,0.31537469357001685,-1.233125164481916,3.750925224459043,3.9573153048232212
339,valid,0.00032000576010368187,0.5397727272727273,0.002598626223329889,0.000519277805318401,0.096307962,4.01010101010101,185.91666666666666,0.29526659670442934,-1.38309799108403,3.6386175687613522,4.052966161699404
340,vigor,0.00025200453608164946,0.46496815286624205,0.0019451705063521976,7.821942198928415e-05,0.098197361,4.412371134020619,173.80555555555554,0.20828542536232866,-1.4395486963502906,3.99196256315479,4.200846967830106
341,vivid,0.00010200183603304859,0.27205882352941174,0.0,0.00012397584254334842,0.045668934,4.604166666666667,156.66666666666666,0.07649382082375161,-1.6212494341330919,4.151399382082376,4.579090639272356
342,voice,0.000506009108163947,0.5503597122302158,0.0020515470184183336,0.0015646680030915847,0.081390459,4.0606060606060606,149.91666666666666,0.15444654136906852,-1.4879991694477908,3.6699901086823616,4.034558133305719
343,vouch,0.0002940052920952577,0.4540540540540541,0.0022339067533888517,1.0923513154678103e-05,0.077084961,4.731182795698925,155.58333333333334,0.031948250548108764,-1.6238057956404028,4.261259341183844,4.217803333541756
344,wacky,0.00025200453608164946,0.3592233009708738,0.0,2.61025683795054e-06,0.08444624,4.237113402061856,185.80555555555557,0.42375672270739506,-1.1393839458266297,3.8557777341264097,4.419323894936066
345,waltz,0.000172003096055729,0.42483660130718953,0.0016564342593155432,1.3440925547352931e-05,0.101167315,4.604166666666667,169.33333333333334,0.16019944938002803,-1.4681706863413728,4.159769944938003,4.2785280237717975
346,waste,0.0006180111242002356,0.45121951219512196,0.004741353109233482,0.000838763486995557,0.089451666,4.231578947368421,83.47222222222223,-0.43327252719573733,-1.2155574320115394,3.765093799912005,4.188381531224501
347,watch,0.0003780068041224742,0.425531914893617,0.003176098717403197,0.0006025858312447753,0.054782659,4.45,59.22222222222223,-0.33115918075678374,-1.1167486245507574,3.9718840819243217,4.255793359111767
348,wedge,0.00030400547209849776,0.413953488372093,0.0017780074159625555,7.77485785267132e-05,0.085461589,4.565656565656566,195.58333333333334,0.28224063139810324,-1.4595027348187108,4.13731497223072,4.296748951642103
349,whack,0.00021200381606868924,0.3894736842105263,0.0014132879460215186,6.485684773687467e-06,0.033613584,4.112244897959184,157.55555555555557,0.31387712647967947,-1.2078067402587327,3.7324081208112334,4.34657744947729
350,whoop,0.00014000252004536082,0.3630573248407643,0.0,6.798556576101322e-06,0.090734122,4.25,281.5555555555556,0.7199354938124035,-0.8641929895489233,3.8969935493812407,4.412246011396199
351,wince,0.000506009108163947,0.5147679324894515,0.004680566530909975,7.430130547242899e-06,0.028365681,4.336734693877551,142.22222222222223,0.06725673213573617,-1.4361914062499999,3.9097868977033694,4.076562730794729
352,woken,0.00034200615611081,0.49238578680203043,0.002203513464227099,1.0777202227148725e-05,0.095020084,4.708333333333333,169.66666666666666,0.15203531769632325,-1.4124077026103803,4.252703531769632,4.147629174738267
353,woven,0.0003960071281283063,0.4634146341463415,0.0034648349644398517,9.389648613739404e-05,0.087424364,4.510416666666667,162.33333333333334,0.1068515223148697,-1.5130476579991483,4.070060152231487,4.185282910077132
354,wrung,0.00022800410407387332,0.44886363636363635,0.0014436812351832716,1.863969949775562e-05,0.039105899,4.295918367346939,186.88888888888889,0.3575109155279563,-1.1358929477817161,3.9020776221650406,4.236851294252256
355,yield,0.0002780050040900736,0.4528301886792453,0.0,0.0009444604874136359,0.073947702,4.427083333333333,123.66666666666667,-0.17233336321041445,-1.437129924949688,3.9671416636789587,4.242079680209425
356,youth,0.000346006228112106,0.45977011494252873,0.006732113549328308,0.0006873339760429976,0.086683515,4.295918367346939,123.55555555555556,0.015101874127081099,-1.430127840173904,3.8678367180249533,4.149421007897912
357,zesty,0.0002760049680894256,0.3484848484848485,0.0036319980548294942,9.708847375181556e-07,0.070975791,4.623655913978495,136.58333333333334,-0.14440238572811576,-1.619089453568654,4.146850084007834,4.395261648038946
