,Unnamed: 0,Date,Contest number,Word,Number of  reported results,Number in hard mode,1 try,2 tries,3 tries,4 tries,5 tries,6 tries,7 or more tries (X),Mean,Std,Skew,Kurt,entropy,text_rate,green_score,yellow_score,conbine_score,target
0,0,2022/1/7,202,slump,80630,1362,1,3,23,39,24,9,1,4.101010101,1.019951965,-0.088639277,-0.037099911,10025.87309,1.48E-06,0.369857081,0.219229104,0,1
1,1,2022/1/8,203,crank,101503,1763,1,5,23,31,24,14,2,4.163265306,1.149035776,-0.119727884,-0.524642896,11157.65889,3.31E-06,0.461671719,0.271113036,2.68,0
2,2,2022/1/9,204,gorge,91477,1913,1,3,13,27,30,22,4,4.541666667,1.135751098,-0.529608043,-0.125738838,10228.48837,1.85E-06,0.456907752,0.303161542,1.28,0
3,3,2022/1/10,205,query,107134,2242,1,4,16,30,30,17,2,4.37755102,1.129523162,-0.395754811,-0.251200084,9427.115202,6.03E-06,0.389346037,0.263837159,2.05,0
4,4,2022/1/11,206,drink,153880,3017,1,9,35,34,16,5,1,3.7,1.034408043,0.18973333,-0.182199319,10430.79935,2.74E-05,0.406669554,0.237592031,3.16,3
5,5,2022/1/12,207,favor,137586,3073,1,4,15,26,29,21,4,4.46875,1.172187458,-0.468124414,-0.339586462,10226.15271,4.23E-05,0.360329147,0.260372456,1.28,0
6,6,2022/1/13,208,abbey,132726,3345,1,2,13,29,31,20,3,4.53125,1.089276566,-0.491085552,0.003637657,9039.284968,2.02E-06,0.387180598,0.276223473,0.58,2
7,7,2022/1/14,209,tangy,169484,3985,1,4,21,30,24,15,5,4.231578947,1.146643905,-0.167265822,-0.492903564,10858.87272,1.66E-07,0.446080554,0.260805543,2.94,0
8,8,2022/1/15,210,panic,205880,4655,1,9,35,34,16,5,1,3.7,1.034408043,0.18973333,-0.182199319,10957.72293,7.38E-06,0.333910784,0.26487657,2.69,3
9,9,2022/1/16,211,solar,209609,4955,1,9,32,32,18,7,1,3.787878788,1.094270914,0.149420245,-0.384696451,12784.80611,1.80E-05,0.489389346,0.347249892,1.07,3
10,10,2022/1/17,212,shire,222197,5640,1,8,32,32,18,8,2,3.828282828,1.101334398,0.161521565,-0.388671001,12576.66067,1.21E-06,0.583369424,0.333650932,2.61,3
11,11,2022/1/18,213,proxy,220950,6206,1,2,11,24,31,26,6,4.684210526,1.116980496,-0.67013491,0.111120488,9196.570171,3.72E-06,0.440883499,0.214465136,0.73,2
12,12,2022/1/19,214,point,280622,7094,1,16,37,28,12,4,1,3.469387755,1.061420704,0.361741733,-0.22081898,11588.72205,0.00030763,0.485491555,0.267648332,3.47,3
13,13,2022/1/20,215,robot,243964,6589,1,8,29,34,20,8,1,3.88,1.097998179,0.05721941,-0.391083151,9629.185443,3.67E-06,0.357297531,0.295539193,0.73,3
14,14,2022/1/21,216,prick,273727,7409,1,8,30,33,19,7,1,3.836734694,1.085092656,0.087399206,-0.360363812,10151.63642,1.09E-06,0.405803378,0.226678216,1.43,3
15,15,2022/1/22,217,wince,241489,6850,1,3,17,33,29,15,3,4.336734694,1.087441085,-0.315916618,-0.164917003,10985.61143,4.04E-07,0.429623214,0.272152447,3.08,0
16,16,2022/1/23,218,crimp,269929,7630,1,5,28,38,20,7,1,3.929292929,1.027427161,0.029828582,-0.110411111,10432.42764,2.66E-07,0.370290169,0.235859679,0.73,1
17,17,2022/1/24,219,knoll,258038,8317,1,1,11,29,33,21,4,4.614583333,1.044527322,-0.55207314,0.276446031,8690.984513,5.93E-07,0.288869641,0.257080988,0.58,2
18,18,2022/1/25,220,sugar,276404,8708,1,6,25,34,23,9,1,4.010204082,1.09259939,-0.067135224,-0.355871414,11508.71367,3.89E-05,0.429190126,0.287223907,1.07,0
19,19,2022/1/26,221,whack,302348,10163,1,4,22,37,24,10,2,4.112244898,1.058326105,-0.121379699,-0.161144298,8844.329648,3.53E-07,0.344304894,0.194110005,0.93,1
20,20,2022/1/27,222,mount,331844,11451,1,9,29,33,19,7,1,3.826530612,1.097543734,0.06904791,-0.39948645,10939.04097,6.86E-06,0.427024686,0.245734083,1.91,3
21,21,2022/1/28,223,perky,296968,11148,1,4,17,30,27,17,4,4.34375,1.144080098,-0.323331653,-0.35833696,10198.09968,1.67E-07,0.417496752,0.270766566,2.05,0
22,22,2022/1/29,224,could,313220,11592,1,7,29,35,20,8,1,3.9,1.081665383,0.056892328,-0.327416174,10863.98559,0.000778275,0.399307059,0.242789086,1.66,3
23,23,2022/1/30,225,wrung,294687,11524,0,2,18,39,27,12,2,4.295918367,0.971104817,0.049200695,-0.539262891,9497.986165,1.01E-06,0.319185795,0.211346903,0.95,2
24,24,2022/1/31,226,light,341314,13347,1,10,25,27,19,12,5,3.946808511,1.223589255,0.031775178,-0.741965663,10332.71905,0.00019701,0.275443915,0.243568645,0.62,0
25,25,2022/2/1,227,those,351663,13606,1,13,34,30,15,6,1,3.636363636,1.105126214,0.259401343,-0.380877381,12220.28043,0.000636472,0.488956258,0.326288437,4.49,3
26,26,2022/2/2,228,moist,361908,14205,3,13,32,29,16,7,1,3.63,1.188738827,0.100722295,-0.405443076,11603.83835,7.16E-06,0.466002599,0.271632741,2.18,3
27,27,2022/2/3,229,shard,358176,14609,1,7,22,28,25,14,4,4.144329897,1.192672566,-0.170360756,-0.641541104,11526.98457,1.68E-07,0.469034214,0.287570377,2,0
28,28,2022/2/4,230,pleat,359679,14813,1,10,28,31,19,9,2,3.857142857,1.151751107,0.080145521,-0.547692308,12391.4654,9.97E-08,0.404071026,0.347769598,3.01,3
29,29,2022/2/5,231,aloft,319698,13708,1,4,22,36,25,11,2,4.141414141,1.073181817,-0.136086781,-0.230423005,11375.61488,1.82E-06,0.377219576,0.294673019,2.26,0
30,30,2022/2/6,232,skill,311018,13716,1,3,17,33,27,16,3,4.340206186,1.10188777,-0.285274917,-0.228625366,8996.47881,2.65E-05,0.414898224,0.2581204,0.58,0
31,31,2022/2/7,233,elder,288228,13340,1,3,13,24,30,24,5,4.589473684,1.156170966,-0.585947361,-0.15688375,10265.81511,8.04E-06,0.379818103,0.386834128,2.81,0
32,32,2022/2/8,234,frame,336236,15369,1,10,20,24,24,17,3,4.15625,1.28556185,-0.204627537,-0.865088277,11688.1899,3.80E-05,0.518839324,0.315894327,1.48,0
33,33,2022/2/9,235,humor,305372,13846,1,5,22,34,25,11,2,4.12244898,1.099770905,-0.151291111,-0.328626232,10439.54361,7.76E-06,0.285404937,0.244174967,1.28,0
34,34,2022/2/10,236,pause,304830,13480,1,8,26,32,21,10,2,3.959183673,1.142128047,-0.002327703,-0.513356136,12202.49554,8.90E-06,0.521004764,0.32083153,0.93,0
35,35,2022/2/11,237,ulcer,278826,10631,1,4,18,30,28,16,3,4.319587629,1.135612753,-0.31044267,-0.361142195,11734.2434,3.67E-06,0.354699004,0.327760936,2.7,0
36,36,2022/2/12,238,ultra,269885,9310,1,7,23,34,24,10,1,4.04040404,1.118433175,-0.122863784,-0.407909114,11694.17662,4.51E-06,0.24122997,0.327674318,0.69,0
37,37,2022/2/13,239,robin,277471,3249,1,6,29,34,21,8,1,3.929292929,1.075461144,0.043232895,-0.334093792,11095.02373,8.44E-07,0.315288003,0.274837591,3.16,3
38,38,2022/2/14,240,cynic,261521,10343,1,6,25,33,22,11,2,4.040816327,1.124117498,-0.037141409,-0.446363321,8406.049917,3.52E-07,0.236466003,0.226678215,0.7,0
39,39,2022/2/15,241,aroma,287836,10343,1,6,25,33,22,11,2,4.040816327,1.124117498,-0.037141409,-0.446363321,9849.428293,1.57E-06,0.338241663,0.339194456,2.92,0
40,40,2022/2/16,242,caulk,289721,10740,1,4,20,31,26,15,3,4.257731959,1.133176818,-0.219401488,-0.418723409,10563.36077,7.87E-08,0.407968818,0.246167173,0,0
41,41,2022/2/17,243,shake,342003,12767,1,6,16,23,24,21,9,4.384615385,1.255924254,-0.387183039,-0.654737165,11451.91447,8.94E-06,0.559549589,0.300563016,0.93,0
42,42,2022/2/18,244,dodge,265238,10220,1,3,15,29,27,19,7,4.436170213,1.135111867,-0.38756476,-0.268246491,9294.494969,7.42E-07,0.417063664,0.266695539,0,0
43,43,2022/2/19,245,swill,282327,11241,1,1,8,19,31,30,10,4.866666667,1.077032961,-0.907369558,0.702778879,9059.683938,1.58E-07,0.429623214,0.256734518,0.58,2
44,44,2022/2/20,246,tacit,273306,11094,1,4,21,32,26,14,3,4.224489796,1.120592156,-0.188443802,-0.399390114,10299.57301,1.92E-06,0.398440883,0.309917713,1.12,0
45,45,2022/2/21,247,other,278731,10887,1,9,26,30,21,10,2,3.93814433,1.164902836,0.002927788,-0.597763794,11654.90559,0.00139559,0.284538761,0.346123863,8.68,0
46,46,2022/2/22,248,thorn,306356,11814,1,14,38,30,12,4,0,3.505050505,1.038391699,0.338376717,-0.129367018,11654.98922,1.62E-06,0.35339974,0.28921611,4.84,3
47,47,2022/2/23,249,trove,277576,11411,1,5,16,24,25,22,8,4.430107527,1.230419541,-0.410254445,-0.57540868,11809.9353,3.11E-07,0.487656994,0.325768731,1.56,0
48,48,2022/2/24,250,bloke,250674,10405,1,6,21,32,25,12,2,4.134020619,1.136361221,-0.179817412,-0.433091988,10709.86158,4.67E-07,0.473365093,0.276223474,0,0
49,49,2022/2/25,251,vivid,255907,11687,1,2,10,29,33,21,4,4.604166667,1.06535564,-0.608704054,0.326189033,5762.034808,6.74E-06,0.246427025,0.176440018,0,2
50,50,2022/2/26,252,spill,248363,10087,1,5,26,34,22,10,2,4.030612245,1.092218129,-0.013621161,-0.357351759,9557.069504,3.12E-06,0.436985708,0.271546125,0.58,0
51,51,2022/2/27,253,chant,250413,10438,1,9,33,33,16,7,1,3.757575758,1.083306844,0.205833633,-0.287689098,11582.18089,1.85E-06,0.469034214,0.271892594,4.56,3
52,52,2022/2/28,254,choke,251094,10521,1,8,30,36,18,6,1,3.808080808,1.050990564,0.075358811,-0.223710519,10528.61479,1.70E-06,0.459939368,0.264616718,0.6,3
53,53,2022/3/1,255,rupee,240137,10577,1,2,17,35,30,13,2,4.326530612,1.037810787,-0.299509169,0.010222813,10144.93842,1.00E-06,0.470766566,0.36275444,0,2
54,54,2022/3/2,256,nasty,257304,10813,1,7,26,31,21,11,2,4,1.148733054,0,-0.537109375,11296.51336,2.70E-06,0.400173235,0.291814638,1.92,0
55,55,2022/3/3,257,mourn,240018,10465,1,8,29,34,19,8,1,3.868686869,1.097715393,0.078032605,-0.370380918,11001.79284,1.90E-06,0.359896059,0.260285837,1.41,3
56,56,2022/3/4,258,ahead,203730,9396,1,5,20,35,26,12,2,4.171717172,1.101334398,-0.206890486,-0.277986788,9740.439738,3.25E-05,0.320918146,0.343005631,3.76,0
57,57,2022/3/5,259,brine,229895,10405,1,9,25,29,22,12,3,4,1.195228609,-0.035856858,-0.68,12133.7491,2.64E-06,0.567345171,0.316154179,3.85,0
58,58,2022/3/6,260,cloth,218595,9911,1,8,33,34,17,7,1,3.79,1.070467188,0.180310845,-0.265497191,11158.65793,2.29E-05,0.39714162,0.265049805,3.56,3
59,59,2022/3/7,261,hoard,218595,9823,1,9,30,34,19,7,1,3.82,1.089770618,0.0827809,-0.37291895,11634.17829,1.19E-06,0.399307059,0.294932871,1.07,3
60,60,2022/3/8,262,sweet,207473,9767,1,5,18,31,28,15,2,4.275510204,1.140896642,-0.305651344,-0.365919678,9952.650327,2.81E-05,0.50108272,0.350887831,0,0
61,61,2022/3/9,263,month,201799,9435,1,5,26,37,22,8,1,3.98989899,1.049241665,-0.032330177,-0.193183559,10531.4022,0.000100888,0.346037246,0.238891294,6.36,1
62,62,2022/3/10,264,lapse,208884,9960,0,8,31,34,19,7,1,3.858585859,1.044563618,0.231372902,-0.524510912,12538.83486,5.16E-06,0.450844521,0.342485926,0.93,1
63,63,2022/3/11,265,watch,226349,12400,1,6,14,18,17,24,20,4.45,1.340708768,-0.422316221,-0.83133157,10169.15486,3.28E-05,0.339540927,0.23906453,2.09,0
64,64,2022/3/12,266,today,192049,9353,1,7,29,35,20,7,1,3.878787879,1.066218914,0.042516746,-0.291547156,11234.86686,9.12E-05,0.445647466,0.283585967,1.04,3
65,65,2022/3/13,267,focus,179436,8937,1,4,23,36,24,10,1,4.102040816,1.064163904,-0.102264344,-0.215225537,9612.118298,4.80E-05,0.254655695,0.224426159,0,1
66,66,2022/3/14,268,smelt,185406,9373,0,5,19,33,28,13,2,4.255102041,1.072011503,-0.12273057,-0.637812475,11787.03155,1.01E-06,0.430922477,0.316933738,0.79,0
67,67,2022/3/15,269,tease,202855,10024,1,16,32,30,16,6,1,3.613861386,1.134257702,0.226210316,-0.52351669,11766.05852,1.16E-06,0.558250325,0.418536164,3.69,3
68,68,2022/3/16,270,cater,217856,11234,1,7,19,22,19,18,15,4.220930233,1.288600853,-0.187894513,-0.859630822,13041.41122,1.40E-06,0.495019489,0.372975314,4.74,0
69,69,2022/3/17,271,movie,169071,8847,1,5,18,30,26,16,3,4.28125,1.161026171,-0.281690141,-0.439799063,10503.40892,1.12E-05,0.439584236,0.270333478,0,0
70,70,2022/3/18,272,saute,179830,9304,1,8,31,34,19,6,1,3.808080808,1.060557959,0.083088294,-0.303046553,12981.51311,2.14E-07,0.604157644,0.35236033,1.2,3
71,71,2022/3/19,273,allow,156311,8515,0,5,21,32,26,14,3,4.234693878,1.09545462,-0.054866344,-0.743330558,8990.122104,7.48E-05,0.260285838,0.290515375,1.67,0
72,72,2022/3/20,274,renew,154987,8417,0,4,20,33,27,13,2,4.257731959,1.057894724,-0.057437722,-0.677950287,9721.838129,4.99E-06,0.354265916,0.357210914,3.99,0
73,73,2022/3/21,275,their,173636,9200,2,14,36,30,13,4,0,3.505050505,1.076598998,0.205496214,-0.183025813,12304.78945,0.00179912,0.36379385,0.338934604,6.63,3
74,74,2022/3/22,276,slosh,160161,8807,0,2,19,36,27,13,2,4.309278351,0.998564173,0.035085661,-0.662791397,9568.857596,7.80E-08,0.483326115,0.276483327,0,2
75,75,2022/3/23,277,purge,156785,8555,1,4,22,35,26,11,2,4.151515152,1.076504222,-0.157833356,-0.254976002,11143.62606,1.74E-06,0.427457774,0.283066263,0.54,0
76,76,2022/3/24,278,chest,169066,9318,1,14,35,31,14,5,1,3.58,1.078702925,0.27105622,-0.305022487,11454.51154,2.34E-05,0.408401906,0.302208749,6.06,3
77,77,2022/3/25,279,depot,150197,8562,0,5,29,36,20,7,1,3.948453608,0.998670601,0.227436057,-0.471243429,11323.0271,4.14E-06,0.343871806,0.300563014,0.76,1
78,78,2022/3/26,280,epoxy,149507,9376,0,2,13,31,33,18,3,4.536082474,1.005775647,-0.250796286,-0.563297504,8759.705962,2.00E-06,0.321784322,0.243308792,0,2
79,79,2022/3/27,281,nymph,165468,9935,1,2,18,44,26,26,9,4.452991453,1.097750042,-0.190468395,-0.363785307,8434.234129,9.26E-07,0.13295799,0.178865309,0,0
80,80,2022/3/28,282,found,173696,10613,1,6,17,22,20,21,14,4.344827586,1.284993727,-0.304318525,-0.791927265,9771.396971,0.000423381,0.380684279,0.209094846,2.22,0
81,81,2022/3/29,283,shall,149070,8494,0,3,17,30,28,17,4,4.410526316,1.071101124,-0.152493358,-0.750101292,10142.83445,0.000680749,0.490255522,0.299870075,2.6,2
82,82,2022/3/30,284,stove,158139,9318,0,5,16,24,27,21,6,4.462365591,1.169129258,-0.313004299,-0.826059466,11171.35161,5.49E-06,0.49891728,0.305933305,2.92,0
83,83,2022/3/31,285,lowly,135219,8469,0,2,9,26,32,24,8,4.720430108,1.019862856,-0.454509111,-0.416539805,8154.487764,1.75E-06,0.397574708,0.242789086,0,2
84,84,2022/4/1,286,snout,144648,8913,1,4,19,27,26,18,5,4.336842105,1.175276239,-0.286816545,-0.533585387,11602.70044,1.58E-06,0.446080554,0.276223473,0.87,0
85,85,2022/4/2,287,trope,155079,9315,1,16,33,28,15,6,1,3.585858586,1.137160215,0.282233732,-0.496732397,12536.21334,5.75E-07,0.489822434,0.344218276,0.73,3
86,86,2022/4/3,288,fewer,124532,7931,0,2,10,24,32,26,6,4.744680851,1.041032325,-0.494148305,-0.479847279,8754.624422,1.81E-05,0.403637939,0.327414466,2.05,2
87,87,2022/4/4,289,shawl,129651,7943,0,3,16,31,30,16,3,4.416666667,1.047483757,-0.186804907,-0.648814293,10655.90838,1.42E-06,0.430922477,0.254655696,0.93,2
88,88,2022/4/5,290,natal,121356,7702,0,2,14,32,32,17,3,4.494845361,1.006409473,-0.198283418,-0.601844355,10317.66555,8.83E-07,0.333044608,0.343698571,2.58,2
89,89,2022/4/6,291,comma,117856,7560,0,2,13,33,33,17,3,4.510204082,0.992264962,-0.21624325,-0.527340093,8799.186734,1.83E-06,0.289735816,0.245560848,1.91,2
90,90,2022/4/7,292,foray,117761,7575,0,2,14,31,31,19,4,4.525773196,1.026381729,-0.212407603,-0.66878128,10934.90668,4.36E-07,0.477695972,0.283932438,1.97,2
91,91,2022/4/8,293,scare,141158,9010,1,12,23,26,21,13,4,3.96875,1.262051282,-0.034523079,-0.851439443,12995.99543,2.26E-06,0.555651797,0.367691642,2.92,0
92,92,2022/4/9,294,stair,134210,8537,2,21,36,26,11,4,1,3.35,1.10792599,0.381072018,-0.247576541,12739.49318,1.64E-06,0.484192291,0.341186661,1.05,3
93,93,2022/4/10,295,black,126241,7894,1,10,31,34,18,6,1,3.76,1.078146558,0.104331377,-0.350097503,9956.31865,0.000115219,0.407968818,0.230056302,0,3
94,94,2022/4/11,296,squad,109828,7236,0,3,20,33,27,14,2,4.298969072,1.046988302,-0.026589838,-0.728661563,9142.609326,2.76E-06,0.352966652,0.219229104,0,2
95,95,2022/4/12,297,royal,114907,7275,1,5,24,36,23,9,1,4.040816327,1.068265496,-0.081199049,-0.238316373,11826.18315,2.16E-05,0.316154179,0.326115201,1.82,1
96,96,2022/4/13,298,chunk,123255,7835,1,4,29,42,18,5,1,3.878787879,0.956347505,0.035821963,0.206028935,9106.671624,1.15E-06,0.347336509,0.182849719,0.6,1
97,97,2022/4/14,299,mince,113448,7356,0,6,24,35,24,10,1,4.080808081,1.060557959,0.041939838,-0.620475895,11395.37006,4.33E-07,0.440450411,0.282719792,3.08,1
98,98,2022/4/15,300,shame,129991,8522,1,11,22,25,21,15,5,4.042105263,1.280754625,-0.078619711,-0.88360009,11856.61129,1.11E-05,0.565179731,0.309744479,1.72,0
99,99,2022/4/16,301,cheek,107987,7035,0,3,19,40,28,9,1,4.212121212,0.956347505,-0.018070049,-0.39554604,8671.323127,9.36E-06,0.411433521,0.305933306,3.67,1
100,100,2022/4/17,302,ample,106681,7008,0,4,20,35,27,11,2,4.216494845,1.02772699,-0.04298716,-0.579841931,11432.4053,1.29E-05,0.354699004,0.311996536,0.83,1
101,101,2022/4/18,303,flair,112383,7341,1,8,30,36,18,6,1,3.808080808,1.050990564,0.075358811,-0.223710519,11652.06291,7.47E-07,0.437851884,0.302035514,0,3
102,102,2022/4/19,304,foyer,108899,8198,0,2,10,19,19,23,26,4.698630137,1.130946161,-0.412753979,-0.823083786,10986.70088,9.32E-07,0.421394543,0.306019922,2.05,2
103,103,2022/4/20,305,cargo,102007,6796,0,5,20,34,27,12,2,4.214285714,1.061862053,-0.076702961,-0.623779202,11419.26778,1.55E-05,0.346037246,0.295365959,1.07,0
104,104,2022/4/21,306,oxide,97955,6960,0,2,11,30,33,21,4,4.618556701,1.009677901,-0.325084861,-0.50921157,9760.622635,1.65E-05,0.351667388,0.26704201,0.76,2
105,105,2022/4/22,307,plant,119232,7731,2,19,39,28,10,3,0,3.336633663,1.046230648,0.332839125,-0.077213509,11963.32124,0.000117389,0.468601126,0.290861845,3.03,3
106,106,2022/4/23,308,olive,95562,6482,1,6,25,34,23,10,1,4.03030303,1.105126214,-0.05983013,-0.390727571,11091.87828,7.41E-06,0.421827631,0.304980512,1.45,0
107,107,2022/4/24,309,inert,97452,6743,0,7,27,34,22,9,1,3.98989899,1.068322101,0.119493707,-0.630882902,12328.6262,3.55E-06,0.30359463,0.355045474,5.17,1
108,108,2022/4/25,310,askew,91548,6549,0,3,13,29,32,19,4,4.53125,1.05032857,-0.32526811,-0.544376774,9903.60597,2.68E-07,0.217843222,0.283845822,0.87,2
109,109,2022/4/26,311,heist,103153,6830,1,13,32,31,16,6,1,3.666666667,1.110100551,0.196900393,-0.432545015,12228.76775,9.49E-08,0.433087917,0.319099178,5.25,3
110,110,2022/4/27,312,shown,98967,6564,0,6,26,36,22,8,1,4,1.030157507,0.11200677,-0.535502959,10007.15804,0.000190543,0.392810741,0.223040277,0,1
111,111,2022/4/28,313,zesty,88974,6315,0,2,12,27,30,22,7,4.623655914,1.04638629,-0.32919078,-0.651908645,9585.202201,5.28E-08,0.358163707,0.26773495,2.39,2
112,112,2022/4/29,314,trash,106652,7001,2,19,34,27,13,4,1,3.424242424,1.119982946,0.276033688,-0.383677857,12278.10747,3.22E-06,0.446080554,0.316673885,1.56,3
113,113,2022/4/30,315,larva,77991,5749,0,2,10,25,35,23,4,4.705263158,1.014356775,-0.475421664,-0.387384959,9190.783406,3.09E-06,0.286704201,0.321784323,1.07,2
114,114,2022/5/1,316,forgo,77658,5699,0,1,9,26,37,23,3,4.75,0.957427108,-0.409478123,-0.444731405,8285.175277,5.82E-07,0.307925509,0.25482893,1.28,2
115,115,2022/5/2,317,story,95643,6530,1,10,23,29,24,11,2,4,1.195228609,-0.107570575,-0.68,11591.26826,9.77E-05,0.519272412,0.300649631,3.37,0
116,116,2022/5/3,318,hairy,85817,5941,1,8,24,33,23,10,1,4,1.137070487,-0.082448715,-0.486328125,11506.12742,2.82E-06,0.499350368,0.290428757,0.93,0
117,117,2022/5/4,319,train,107750,7243,6,26,32,22,10,3,0,3.131313131,1.177623567,0.338266653,-0.352696043,12821.71502,4.32E-05,0.437418796,0.33295799,3.12,3
118,118,2022/5/5,320,homer,85979,6313,0,3,16,26,24,19,12,4.454545455,1.117109612,-0.179464607,-0.868339108,11388.49097,1.61E-07,0.406669554,0.310350801,3.39,0
119,119,2022/5/6,321,badge,76292,5482,0,4,20,35,26,12,2,4.226804124,1.040471291,-0.023631621,-0.610219426,10831.93371,2.44E-06,0.454742313,0.276136856,0,1
120,120,2022/5/7,322,midst,74458,5233,0,3,25,39,24,9,1,4.11,0.978723659,0.162729434,-0.522612117,10685.74766,1.34E-05,0.349501949,0.240450411,1.05,1
121,121,2022/5/8,323,canny,72518,5256,0,2,10,30,34,20,4,4.625,0.992156742,-0.347967293,-0.404635928,9458.903248,3.02E-07,0.513209181,0.261585101,1.99,2
122,122,2022/5/9,324,shine,88932,6146,1,14,32,30,17,6,1,3.66,1.124455424,0.189196298,-0.513317309,12173.24896,4.71E-06,0.597228237,0.305586835,3.88,3
123,123,2022/5/10,325,gecko,74412,5489,0,2,16,38,29,12,2,4.340206186,0.962027476,-0.028294311,-0.488304937,9634.041541,9.84E-08,0.227371156,0.257947164,0,2
124,124,2022/5/11,326,farce,79446,5688,0,9,26,32,21,9,1,3.948453608,1.10641181,0.101809337,-0.68940043,12141.32759,1.70E-06,0.508445214,0.329666523,1.72,3
125,125,2022/5/12,327,slung,75673,5419,0,2,16,37,31,13,2,4.373737374,0.970117754,-0.073388489,-0.526417425,10461.70289,1.19E-06,0.412732785,0.236725856,0.95,2
126,126,2022/5/13,328,tipsy,77585,5522,0,6,33,38,17,5,1,3.818181818,0.957307212,0.300304913,-0.271474813,10692.01802,3.32E-07,0.407968818,0.247379818,1.34,1
127,127,2022/5/14,329,metal,73225,5290,1,10,31,34,18,7,1,3.782178218,1.09548091,0.122374434,-0.377783973,12109.92777,6.04E-05,0.336076223,0.343525336,1.88,3
128,128,2022/5/15,330,yield,67115,4963,0,4,16,29,29,18,4,4.427083333,1.096821085,-0.24038128,-0.70086764,11011.37703,5.14E-05,0.287570377,0.297358164,0,0
129,129,2022/5/16,331,delve,68349,5179,0,2,14,32,33,16,2,4.484536082,0.99600648,-0.207741941,-0.56239883,9008.989324,6.20E-07,0.403204851,0.322304029,1.59,2
130,130,2022/5/17,332,being,70722,5142,0,4,22,37,26,10,1,4.161616162,1.012119196,0.02349489,-0.550419358,10504.34867,0.000635729,0.391078389,0.265309658,3.96,1
131,131,2022/5/18,333,scour,73933,5544,0,8,34,35,17,5,1,3.767676768,0.993191802,0.291829824,-0.369602709,11429.1227,9.45E-07,0.407968818,0.282286704,2.2,1
132,132,2022/5/19,334,glass,70920,5162,0,4,19,33,27,14,3,4.288659794,1.064504753,-0.081356988,-0.676814096,9620.044732,5.95E-05,0.358596795,0.289042877,0.87,0
133,133,2022/5/20,335,gamer,69884,5238,1,4,17,28,26,18,6,4.361702128,1.165561355,-0.329326956,-0.434576456,11629.30937,7.57E-08,0.437418796,0.322910351,2.84,0
134,134,2022/5/21,336,scrap,66814,4973,1,9,28,34,20,8,1,3.87,1.110450359,0.038783424,-0.427029565,11328.19927,6.35E-06,0.340407103,0.292767432,0.69,3
135,135,2022/5/22,337,money,67909,4928,1,7,26,36,21,8,1,3.939393939,1.080760879,-0.023630022,-0.299632135,11042.86465,0.000188195,0.52187094,0.285491554,2.45,3
136,136,2022/5/23,338,hinge,66431,4906,0,5,25,37,22,9,2,4.051020408,1.02392252,0.126049143,-0.524234071,10993.70158,2.68E-06,0.391944565,0.27457774,4.14,1
137,137,2022/5/24,339,album,63380,4809,0,5,26,35,24,9,1,4.060606061,1.032973367,0.098711458,-0.612978099,9884.10962,4.07E-06,0.225205717,0.238458207,1.09,1
138,138,2022/5/25,340,vouch,62723,4835,0,2,9,25,33,24,6,4.731182796,1.017479333,-0.48537585,-0.375040468,9204.227507,5.94E-07,0.335210048,0.193417064,1.47,2
139,139,2022/5/26,341,asset,63188,4733,0,7,28,34,21,8,1,3.948979592,1.053395375,0.154146059,-0.589213546,10853.06282,1.34E-05,0.349501949,0.369857082,1.8,1
140,140,2022/5/27,342,tiara,63846,4842,0,8,36,33,17,6,1,3.77,1.018381068,0.357677743,-0.410160037,10923.23871,2.73E-07,0.3763534,0.367778259,3.1,1
141,141,2022/5/28,343,crept,60069,4562,0,4,27,38,22,7,1,4.010204082,0.974102391,0.178328409,-0.458143411,11925.02059,3.58E-06,0.409268081,0.320138588,1.85,1
142,142,2022/5/29,344,bayou,56839,4435,0,6,17,33,29,13,2,4.265306122,1.083748412,-0.203956725,-0.574471858,9938.050833,3.64E-07,0.276743179,0.251017756,0.87,0
143,143,2022/5/30,345,atoll,60969,4741,0,6,28,36,21,8,1,3.96969697,1.029411379,0.171674721,-0.529306549,10473.69981,3.57E-07,0.336509311,0.336855782,3.11,1
144,144,2022/5/31,346,manor,62768,4802,0,6,27,34,21,10,2,4.020408163,1.068850153,0.159980852,-0.637673944,11806.75699,4.18E-06,0.386314422,0.304374187,3.84,1
145,145,2022/6/1,347,creak,63241,4797,0,5,21,32,25,14,3,4.226804124,1.098313183,-0.036937187,-0.74751052,11589.66255,4.55E-07,0.39714162,0.328020789,2.54,0
146,146,2022/6/2,348,showy,61278,4770,0,2,16,37,30,13,2,4.367346939,0.972979383,-0.056502167,-0.53393913,9577.690804,1.02E-06,0.494153313,0.210134257,0,2
147,147,2022/6/3,349,peach,65431,4957,1,13,38,32,13,3,0,3.52,1.004788535,0.240938177,-0.154374738,11390.55271,2.90E-06,0.422260719,0.297271547,1.29,3
148,148,2022/6/4,350,froth,58263,4432,0,5,22,35,25,11,1,4.153061224,1.053197666,0.006406362,-0.617984714,10794.62143,7.80E-07,0.398873971,0.259419662,4.29,1
149,149,2022/6/5,351,depth,56738,4329,0,6,28,39,20,6,1,3.919191919,0.981410731,0.162086865,-0.374138717,10538.74434,4.84E-05,0.296665223,0.268860979,4.32,1
150,150,2022/6/6,352,gloom,58478,4548,0,2,14,35,35,13,1,4.434343434,0.955173221,-0.194797684,-0.422112887,8525.670395,3.84E-06,0.317020355,0.246686877,0.55,2
151,151,2022/6/7,353,flood,58991,4440,0,3,20,40,28,8,1,4.181818182,0.94669693,-0.01180668,-0.396717952,8483.170494,1.92E-05,0.358596795,0.246340407,0,1
152,152,2022/6/8,354,trait,61026,4607,0,6,22,35,24,11,2,4.12244898,1.071574334,0.003999663,-0.619343462,11290.59006,4.54E-06,0.49068861,0.346470333,1.81,0
153,153,2022/6/9,355,girth,60020,4665,0,6,23,33,23,12,3,4.12371134,1.095988298,0.035814474,-0.706336446,10888.23558,9.68E-07,0.326981377,0.259246427,3.56,0
154,154,2022/6/10,356,piety,55376,4324,0,4,25,41,22,7,1,4.03030303,0.958265958,0.146160473,-0.353172,11154.94718,4.97E-06,0.442615851,0.2960589,0,1
155,155,2022/6/11,357,goose,51958,4087,0,2,12,28,32,21,5,4.610526316,1.028997845,-0.327097033,-0.591550703,10141.63551,2.56E-06,0.532698138,0.321697705,0.93,2
156,156,2022/6/12,358,float,56684,4323,1,12,30,32,18,6,1,3.727272727,1.108444919,0.107759596,-0.470580547,11492.04473,6.02E-06,0.430056301,0.294673019,1.49,3
157,157,2022/6/13,359,donor,53802,4142,0,3,27,38,23,7,1,4.040816327,0.957445233,0.197560494,-0.494611821,9810.71849,8.04E-06,0.377219576,0.291814637,3.04,1
158,158,2022/6/14,360,atone,59968,4762,2,16,34,29,14,4,1,3.494949495,1.10438737,0.192756934,-0.347169574,12832.16178,7.29E-07,0.460805544,0.368990905,4.98,3
159,159,2022/6/15,361,primo,55989,4391,0,3,22,38,25,10,2,4.173469388,0.990006289,0.089416422,-0.539117684,10716.70108,3.23E-07,0.346470333,0.259939367,0.73,1
160,160,2022/6/16,362,apron,53430,4112,0,7,30,38,19,5,1,3.848484848,0.978182569,0.177013852,-0.375954627,11608.28033,2.63E-06,0.271113036,0.308618449,2.49,1
161,161,2022/6/17,363,blown,54665,4251,0,6,23,35,26,10,1,4.11,1.057307902,-0.017122342,-0.617349929,9623.52235,7.06E-06,0.333910784,0.217929839,0,1
162,162,2022/6/18,364,cacao,47205,4101,0,1,9,27,36,23,4,4.739583333,0.960086711,-0.378683771,-0.48623762,8057.192057,7.72E-07,0.336942399,0.316414032,0,2
163,163,2022/6/19,365,loser,55359,4399,1,10,28,32,19,8,2,3.836734694,1.131135221,0.069384929,-0.492335002,12619.40702,1.21E-06,0.422693807,0.369337376,2.98,3
164,164,2022/6/20,366,input,50484,3950,0,5,30,38,21,6,1,3.93,0.972162538,0.205502707,-0.430562055,10290.03639,3.35E-05,0.222174101,0.242789086,2.43,1
165,165,2022/6/21,367,gloat,53342,4194,0,8,21,31,26,12,2,4.132653061,1.130628822,-0.092370017,-0.747722413,11867.05683,1.78E-07,0.421394543,0.301689043,1.49,0
166,166,2022/6/22,368,awful,47645,3861,0,5,21,33,27,12,2,4.204081633,1.068655303,-0.061490828,-0.669528383,9177.592916,8.64E-06,0.193157211,0.223473366,0,0
167,167,2022/6/23,369,brink,53111,4118,0,4,22,41,24,7,1,4.081632653,0.954831638,0.047658478,-0.33487342,10097.49472,1.90E-06,0.433521005,0.227804244,3.16,1
168,168,2022/6/24,370,smite,50617,3991,0,6,23,35,24,11,2,4.111111111,1.072040336,0.024089255,-0.634998322,12073.83502,5.86E-07,0.532698138,0.312949329,2.32,0
169,169,2022/6/25,371,beady,46089,3670,0,3,19,39,29,10,1,4.24,0.970772888,-0.035362928,-0.452987856,10739.3926,1.77E-07,0.499350368,0.28601126,1.27,1
170,170,2022/6/26,372,rusty,50450,3954,0,9,37,34,13,5,1,3.673469388,0.987426155,0.434690994,-0.152024686,10910.75685,1.96E-06,0.378085751,0.275790385,1.05,1
171,171,2022/6/27,373,retro,47986,3848,0,6,24,35,24,9,1,4.06122449,1.047994455,0.037307672,-0.592909255,10760.92104,5.20E-07,0.288003465,0.39029883,2.58,1
172,172,2022/6/28,374,droll,47312,3844,0,2,16,31,31,17,3,4.463917526,1.026071034,-0.160477406,-0.713523291,10045.7885,4.45E-07,0.406236466,0.300996102,1.31,2
173,173,2022/6/29,375,gawky,45645,3957,0,1,5,22,33,28,10,4.921348315,0.938858009,-0.576299988,-0.183917502,8416.439996,8.73E-08,0.37418796,0.183022954,0,2
174,174,2022/6/30,376,hutch,44212,3758,0,1,12,28,28,21,9,4.622222222,1.017379835,-0.206504289,-0.813526128,8364.877042,1.59E-07,0.282373322,0.211693374,0.6,2
175,175,2022/7/1,377,pinto,47248,3792,0,5,25,41,22,6,1,3.98989899,0.958691759,0.088928798,-0.330343868,10973.271,1.51E-07,0.292767432,0.267648332,4.51,1
176,176,2022/7/2,378,egret,41765,3515,0,3,14,33,33,15,2,4.43877551,1.010822322,-0.247843405,-0.461403981,10149.27137,9.98E-08,0.353832828,0.380770897,1.85,2
177,177,2022/7/3,379,lilac,40486,3461,0,2,17,38,29,12,1,4.326530612,0.966537162,-0.01236948,-0.524188892,9638.588266,9.49E-07,0.256821135,0.307665657,0.62,2
178,178,2022/7/4,380,sever,42645,3591,0,2,13,27,29,21,7,4.586956522,1.054515899,-0.285021665,-0.716314625,9846.583165,1.35E-06,0.513209181,0.361801647,3.81,2
179,179,2022/7/5,381,field,44578,3604,1,6,25,36,23,9,1,4.01,1.081619157,-0.067250612,-0.301969989,10750.31704,0.00017946,0.343438718,0.280467736,0,1
180,180,2022/7/6,382,fluff,47344,4049,0,0,4,25,44,23,4,4.895833333,0.809824655,-0.27884584,-0.530434436,5882.523851,3.19E-07,0.242962321,0.161888265,0,2
181,181,2022/7/7,383,agape,43407,3671,0,2,18,36,27,15,3,4.357142857,1.012674777,0.008422037,-0.697854014,9692.79927,3.26E-07,0.402338675,0.333910785,0,2
182,182,2022/7/8,384,voice,42806,3484,1,5,24,35,25,9,1,4.060606061,1.071373911,-0.120604133,-0.2779584,11095.53423,8.51E-05,0.502381984,0.284105674,1.35,1
183,183,2022/7/9,385,stead,47094,3933,1,6,20,27,28,16,3,4.255102041,1.189333757,-0.283350521,-0.582014647,12000.78351,2.57E-06,0.389346037,0.346037246,2.94,0
184,184,2022/7/10,386,berth,41785,3494,0,7,24,35,24,9,1,4.04040404,1.062864359,0.020504098,-0.605616495,11322.2283,1.77E-06,0.369423993,0.305153746,6.19,1
185,185,2022/7/11,387,madam,40545,3430,0,3,13,35,34,14,2,4.434343434,0.986388333,-0.259169293,-0.340691342,6994.446402,2.20E-06,0.298830663,0.25768731,0.57,2
186,186,2022/7/12,388,night,46910,3870,1,8,27,27,17,13,7,3.967741935,1.21329209,0.097841473,-0.706360635,10005.19843,0.000142262,0.253789519,0.23118233,0,0
187,187,2022/7/13,389,bland,46246,3727,0,7,31,38,18,4,0,3.806122449,0.954668051,0.183698173,-0.335878235,10886.4188,1.22E-06,0.423993071,0.254395842,3.34,1
188,188,2022/7/14,390,liver,40549,3388,0,4,16,26,25,20,8,4.450549451,1.141271089,-0.233087817,-0.838406308,11234.36397,2.16E-05,0.375487224,0.317453444,3.5,0
189,189,2022/7/15,391,wedge,39234,3353,0,2,11,32,37,17,2,4.565656566,0.965690376,-0.320651546,-0.336651456,8333.819936,4.23E-06,0.388046773,0.290775228,1.17,2
190,190,2022/7/16,392,roomy,38769,3280,0,2,17,41,28,10,2,4.275510204,0.934384139,0.027913102,-0.389488684,8940.486966,5.05E-07,0.458640104,0.272239063,1.28,1
191,191,2022/7/17,393,wacky,39611,3345,0,3,18,39,27,10,2,4.237113402,0.971481979,-0.015896353,-0.417200664,8736.88358,1.42E-07,0.372888696,0.197314855,0,1
192,192,2022/7/18,394,flock,42574,3548,0,4,22,37,27,9,1,4.151515152,0.99862164,-0.002235349,-0.526973129,9257.783795,6.04E-06,0.364226938,0.206409702,0,1
193,193,2022/7/19,395,angry,39667,3358,0,5,27,38,21,7,1,3.979591837,0.989532892,0.167194184,-0.434504553,10758.16082,1.64E-05,0.349935037,0.275357297,2.94,1
194,194,2022/7/20,396,trite,42237,3685,0,4,14,22,22,23,15,4.541176471,1.183742233,-0.33224905,-0.886020029,11506.8849,6.41E-07,0.538328281,0.368557817,3.05,0
195,195,2022/7/21,397,aphid,39086,3367,0,6,24,36,23,9,2,4.051020408,1.043663573,0.059678061,-0.557624675,9939.480404,8.29E-07,0.210480728,0.241663058,0.76,1
196,196,2022/7/22,398,tryst,43099,3665,0,3,26,41,23,6,1,4.03030303,0.926103442,0.168859976,-0.378292807,9858.478947,1.89E-07,0.3763534,0.298570809,1.05,1
197,197,2022/7/23,399,midge,36769,3111,0,2,18,39,28,10,2,4.268041237,0.947220175,0.02606059,-0.468459897,10412.99359,2.52E-07,0.381550455,0.252836726,0,1
198,198,2022/7/24,400,power,39813,3401,2,6,19,29,24,15,4,4.178947368,1.222413035,-0.30976192,-0.397292866,10994.95129,0.00033361,0.422693807,0.297877869,2.05,0
199,199,2022/7/25,401,elope,39228,3339,0,4,22,32,26,13,2,4.226804124,1.069783239,-0.00559521,-0.748155202,10216.47446,1.44E-07,0.427457774,0.371935904,0,0
200,200,2022/7/26,402,cinch,39171,3507,0,2,15,24,22,25,13,4.602272727,1.133576127,-0.253845477,-1.006249949,8736.906605,2.10E-07,0.356431356,0.223473365,3.03,0
201,201,2022/7/27,403,motto,38384,3285,0,1,11,36,36,14,1,4.520408163,0.906097168,-0.143022722,-0.41476893,7329.135629,2.89E-06,0.300563014,0.284105672,1.04,2
202,202,2022/7/28,404,stomp,40650,3490,0,7,26,32,21,11,2,4.030927835,1.107180018,0.121263172,-0.719966758,10222.7696,2.03E-07,0.350368125,0.245214378,2.64,0
203,203,2022/7/29,405,upset,37791,3213,0,5,30,38,20,6,1,3.919191919,0.971063851,0.228162027,-0.39831809,11325.64595,9.06E-06,0.322650498,0.299523604,0.93,1
204,204,2022/7/30,406,bluff,37353,3171,0,2,14,42,31,10,1,4.333333333,0.91010045,-0.062532184,-0.241820345,7173.682599,2.12E-06,0.259419662,0.166305761,0,2
205,205,2022/7/31,407,cramp,39250,3369,1,8,26,33,19,10,2,3.93814433,1.138043474,0.037318936,-0.465174701,10899.38106,5.42E-07,0.387613686,0.262278042,0.69,0
206,206,2022/8/1,408,quart,36662,3303,0,5,20,33,27,13,2,4.234693878,1.076663596,-0.083818815,-0.670380321,10420.18329,2.57E-06,0.39714162,0.268168038,1.07,0
207,207,2022/8/2,409,coyly,34909,3380,0,0,4,17,28,35,15,5.119047619,0.8918248,-0.637810391,-0.583637852,8950.442181,1.75E-07,0.44694673,0.241836292,0.79,2
208,208,2022/8/3,410,youth,38381,3327,1,5,17,31,29,15,3,4.295918367,1.135774335,-0.346615577,-0.309644873,10268.55724,3.74E-05,0.314421828,0.238977912,4.43,0
209,209,2022/8/4,411,rhyme,37229,3336,0,4,22,39,25,8,1,4.112244898,0.978155835,0.035842617,-0.431599735,10626.92742,2.65E-06,0.33261152,0.281853616,0.79,1
210,210,2022/8/5,412,buggy,37350,3428,0,1,9,29,34,22,5,4.705263158,0.961070502,-0.308076189,-0.545691156,6927.484986,1.29E-06,0.374621048,0.155045474,0,2
211,211,2022/8/6,413,alien,38841,3395,3,17,31,29,15,4,0,3.484848485,1.149120317,0.09697351,-0.451719762,12946.70411,1.12E-05,0.456474664,0.360675618,3.16,3
212,212,2022/8/7,414,smear,36223,3190,0,2,16,39,29,12,2,4.336734694,0.957717072,-0.017968506,-0.469052094,12275.56036,1.50E-06,0.413165873,0.353919446,2.55,2
213,213,2022/8/8,415,unfit,35516,3187,0,3,24,38,25,9,1,4.131313131,0.981098793,0.120183835,-0.544719147,9953.347841,4.07E-06,0.240796882,0.231009095,1.12,1
214,214,2022/8/9,416,patty,36223,3019,0,2,16,39,29,12,1,4.336734694,0.957717072,-0.017968506,-0.469052094,9306.434832,1.51E-07,0.458640104,0.279081853,1.49,2
215,215,2022/8/10,417,cling,37654,3312,0,4,20,34,27,13,2,4.255102041,1.052802136,-0.050336262,-0.657354527,10522.74743,2.39E-06,0.384148982,0.237678649,4,0
216,216,2022/8/11,418,glean,37301,3243,0,6,23,37,24,8,1,4.051020408,1.02392252,0.011983754,-0.501499293,11801.05747,5.14E-07,0.339540927,0.329493288,3.51,1
217,217,2022/8/12,419,label,34198,3076,0,4,18,32,29,15,2,4.336734694,1.068509142,-0.148648148,-0.670685024,10254.09698,1.41E-05,0.398440883,0.339281075,0.58,0
218,218,2022/8/13,420,hunky,35276,3185,0,1,11,33,25,22,7,4.608695652,1.010343482,-0.10794148,-0.835174897,8743.955189,6.60E-08,0.350801213,0.178432222,0,2
219,219,2022/8/14,421,khaki,31652,2968,0,2,17,33,28,16,4,4.40625,1.026504232,-0.064723389,-0.737694343,7966.840569,7.47E-07,0.232135123,0.212386316,0.93,2
220,220,2022/8/15,422,poker,35376,3180,0,4,17,30,27,17,5,4.378947368,1.097163303,-0.168778435,-0.736394614,10968.49312,1.51E-06,0.416630576,0.299263751,2.05,0
221,221,2022/8/16,423,gruel,35105,3087,0,3,19,39,29,9,1,4.222222222,0.959330107,-0.0437862,-0.422034503,11762.91525,4.14E-07,0.441749675,0.313469035,0,1
222,222,2022/8/17,424,twice,35815,3173,1,6,28,38,21,6,1,3.9,1.024695077,-0.022306287,-0.145306122,11314.96714,3.58E-05,0.446513642,0.28566479,1.35,1
223,223,2022/8/18,425,twang,34938,3172,0,3,22,43,25,7,1,4.11,0.926228913,0.082508215,-0.31149025,10133.20391,2.26E-07,0.312689476,0.240883499,2.94,1
224,224,2022/8/19,426,shrug,33965,2987,0,4,23,36,26,10,1,4.151515152,1.018650686,0.037856566,-0.594657373,10269.70328,1.43E-06,0.344304894,0.236292768,0,1
225,225,2022/8/20,427,treat,38245,3249,1,22,32,26,14,5,1,3.45,1.152171862,0.357467857,-0.564524881,11582.30308,2.40E-05,0.43655262,0.39497618,4.03,3
226,226,2022/8/21,428,waste,35617,3186,1,7,19,27,24,17,5,4.231578947,1.226485193,-0.242261065,-0.669059975,11946.74288,4.56E-05,0.444781291,0.328800347,3.12,0
227,227,2022/8/22,429,merit,35888,3123,0,7,33,37,17,5,0,3.797979798,0.974210874,0.28143379,-0.312676393,12261.74996,1.75E-05,0.399307059,0.332784755,4.69,1
228,228,2022/8/23,430,woven,33549,2933,0,2,13,32,32,17,3,4.510416667,0.999945745,-0.216178757,-0.55361413,9849.284663,5.11E-06,0.371589433,0.251364227,2.28,2
229,229,2022/8/24,431,needy,33700,2927,0,2,21,41,26,9,1,4.191919192,0.939339631,0.121939649,-0.458656255,9004.901025,3.44E-06,0.38458207,0.333477696,1.86,1
230,230,2022/8/25,432,clown,36737,3175,1,8,29,36,20,6,1,3.84,1.055651458,0.016157522,-0.278063994,10262.45799,1.31E-06,0.344737982,0.234820268,0,3
231,231,2022/8/26,433,irony,34716,3046,0,6,29,34,21,8,1,3.959183673,1.039214454,0.190624817,-0.582112778,11401.19319,4.42E-06,0.472065829,0.287310523,2.49,1
232,232,2022/8/27,434,ruder,31241,2784,0,2,16,33,29,16,4,4.427083333,1.018012685,-0.098235317,-0.692457108,9923.812417,2.23E-07,0.387613686,0.336336076,2.81,2
233,233,2022/8/28,435,gauze,30214,2866,0,2,11,24,31,25,8,4.709677419,1.053214691,-0.449826468,-0.575772029,9987.3552,2.11E-06,0.444348203,0.26167172,0,2
234,234,2022/8/29,436,chief,34281,3072,1,6,32,38,18,5,0,3.81,0.996945335,0.084150804,-0.047298542,10553.57593,6.95E-05,0.412299697,0.259073193,1.36,1
235,235,2022/8/30,437,onset,33660,3009,0,4,29,40,21,6,1,3.96,0.947839649,0.220626382,-0.371610676,12230.07139,1.02E-05,0.337375487,0.342399307,2.69,1
236,236,2022/8/31,438,prize,35343,3166,0,5,12,20,32,26,5,4.652631579,1.158660034,-0.596265469,-0.506950447,10616.87578,1.22E-05,0.483326115,0.277349502,0.73,0
237,237,2022/9/1,439,fungi,31903,2928,0,2,18,41,28,9,1,4.244897959,0.92649465,0.035365498,-0.387124296,8865.520783,4.78E-06,0.235599827,0.194716328,0.95,1
238,238,2022/9/2,440,charm,35724,3149,1,12,32,34,16,5,1,3.67,1.068222823,0.144079851,-0.3240552,10890.82661,8.61E-06,0.36379385,0.264183629,2.6,3
239,239,2022/9/3,441,gully,31191,2877,0,1,9,27,31,25,7,4.752688172,0.990882239,-0.351967506,-0.639385405,8190.230548,8.98E-07,0.406236466,0.22797748,0.58,2
240,240,2022/9/4,442,inter,32018,2889,0,6,25,36,23,8,1,4.020408163,1.029955337,0.071299922,-0.54157435,12250.32534,1.68E-05,0.330012993,0.355045474,6.72,1
241,241,2022/9/5,443,whoop,32733,2970,0,1,16,47,29,7,1,4.25,0.841130192,0.107124923,-0.20904244,7557.052146,3.70E-07,0.284538761,0.212386314,0,1
242,242,2022/9/6,444,taunt,32734,3022,0,4,19,27,21,16,13,4.298850575,1.135781088,-0.03877034,-0.892798265,10275.39013,5.34E-07,0.456041576,0.300736249,1.04,0
243,243,2022/9/7,445,leery,30992,2873,0,3,17,37,28,12,2,4.298969072,0.996539874,-0.062409225,-0.49406966,10262.91384,1.48E-07,0.441316587,0.389519273,2.88,2
244,244,2022/9/8,446,class,31962,3001,0,4,21,32,22,13,7,4.206521739,1.078828304,0.050633431,-0.732361027,10084.56086,0.000162183,0.394543092,0.303334778,0.87,0
245,245,2022/9/9,447,theme,32172,2909,0,8,29,40,18,4,0,3.808080808,0.96060553,0.117342037,-0.312122747,9554.985037,2.00E-05,0.4157644,0.337115635,7.42,1
246,246,2022/9/10,448,lofty,29237,2777,0,4,19,34,27,13,3,4.268041237,1.050434018,-0.070569966,-0.630233666,10139.51524,5.65E-06,0.387180598,0.24694673,1.17,0
247,247,2022/9/11,449,tibia,27887,2675,0,1,14,40,30,12,2,4.391752577,0.914451005,0.038274531,-0.485198001,9279.606146,2.03E-06,0.271546124,0.287916847,1.34,2
248,248,2022/9/12,450,booze,29147,2883,0,1,7,27,38,23,4,4.78125,0.926497943,-0.418026735,-0.297128938,8017.121751,6.32E-07,0.492420961,0.264703334,0,2
249,249,2022/9/13,451,alpha,29497,2706,0,3,19,40,28,9,1,4.212121212,0.956347505,-0.018070049,-0.39554604,8786.507774,5.89E-06,0.211346903,0.296058901,2.02,1
250,250,2022/9/14,452,thyme,32142,2938,1,5,24,41,23,5,0,3.95959596,0.98390268,-0.173673945,0.065544406,10510.39989,8.58E-07,0.351667388,0.267301862,4.35,1
251,251,2022/9/15,453,doubt,33344,3011,1,12,32,34,16,4,0,3.646464646,1.047489845,0.11059662,-0.316957271,10254.34242,8.28E-05,0.360329147,0.227024685,0.87,3
252,252,2022/9/16,454,parer,37309,4130,0,0,4,11,15,22,48,5.057692308,0.969009437,-0.622668871,-0.757281331,10935.08959,1.84E-08,0.492854049,0.377999134,4.97,2
253,253,2022/9/17,455,chute,33418,3073,0,11,37,36,12,3,0,3.585858586,0.942917255,0.330022497,-0.126405771,11373.64333,1.50E-06,0.462537895,0.284711997,1.8,1
254,254,2022/9/18,456,stick,33102,3038,1,9,36,35,14,4,0,3.646464646,0.998110653,0.202947796,-0.030722092,10233.50692,1.53E-05,0.420528367,0.23837159,3.09,3
255,255,2022/9/19,457,trice,35050,3430,0,5,24,25,18,17,11,4.202247191,1.191541116,0.083660463,-1.034301318,13009.57842,1.68E-07,0.543092248,0.346556951,2.08,0
256,256,2022/9/20,458,alike,31277,2843,0,6,20,33,27,12,2,4.193877551,1.084756751,-0.102213653,-0.650791491,11955.57149,1.64E-05,0.469034214,0.329233436,1.71,0
257,257,2022/9/21,459,recap,31976,2900,0,5,30,35,21,8,1,3.96969697,1.019551748,0.232156512,-0.556518373,11839.76296,2.18E-07,0.268514508,0.341446514,1.85,1
258,258,2022/9/22,460,saint,34455,3119,1,14,35,29,15,5,1,3.585858586,1.091843969,0.268999635,-0.383997241,12721.52511,5.25E-06,0.593330446,0.313122564,3.47,3
259,259,2022/9/23,461,glory,31509,2893,0,6,30,39,19,5,0,3.868686869,0.960286833,0.196059681,-0.3326447,10910.9976,2.05E-05,0.464270247,0.268514508,1.28,1
260,260,2022/9/24,462,grate,32777,3077,1,14,29,28,16,8,3,3.708333333,1.180718943,0.199254527,-0.611018146,12941.30095,2.15E-06,0.540926808,0.358683413,3.38,3
261,261,2022/9/25,463,admit,28994,2677,0,10,25,34,22,8,1,3.929292929,1.094084417,0.047606755,-0.651170754,10661.83981,2.56E-05,0.273711563,0.267042009,1.12,3
262,262,2022/9/26,464,brisk,31706,2884,0,5,23,38,24,7,1,4.051546392,0.988293688,0.024946803,-0.438785807,10227.2307,2.28E-06,0.428757038,0.236032915,1.86,1
263,263,2022/9/27,465,soggy,30985,2888,0,2,18,38,28,11,2,4.288659794,0.962800499,0.020793998,-0.52503202,8558.488404,4.26E-07,0.498484192,0.213512343,0,2
264,264,2022/9/28,466,usurp,31355,3007,0,3,21,38,26,9,1,4.175257732,0.973994954,0.0456987,-0.490418794,8508.539715,6.50E-07,0.181896925,0.247899524,0.54,1
265,265,2022/9/29,467,scald,30477,2829,0,4,23,36,24,11,2,4.153061224,1.033638717,0.079187661,-0.613399816,11334.40379,3.39E-07,0.429190126,0.279514942,1.09,1
266,266,2022/9/30,468,scorn,31223,2859,0,8,31,35,20,6,1,3.85,1.023474475,0.190982187,-0.511127187,11582.1191,3.62E-06,0.401905587,0.291554785,2.07,1
267,267,2022/10/1,469,leave,28202,2696,0,4,16,34,31,12,1,4.319587629,1.020878859,-0.204355819,-0.465814218,10111.18764,0.000109206,0.476829796,0.372715463,2.35,2
268,268,2022/10/2,470,twine,30088,2775,0,6,28,40,20,5,1,3.898989899,0.958691759,0.133836496,-0.331793291,11512.20164,1.33E-06,0.460372456,0.294153313,3.12,1
269,269,2022/10/3,471,sting,32288,2969,1,10,30,33,18,8,2,3.81,1.119776763,0.122201735,-0.438406482,10689.23394,2.32E-06,0.403204851,0.255521871,5.77,3
270,270,2022/10/4,472,bough,32014,3060,0,3,17,35,28,13,3,4.322916667,1.015451374,-0.080867104,-0.565227158,9313.911083,7.14E-07,0.359462971,0.190212213,0.87,2
271,271,2022/10/5,473,sloth,32522,2987,1,10,38,34,13,3,0,3.575757576,0.975362239,0.21148164,-0.008262399,11638.55489,6.09E-07,0.469467302,0.281766999,3.56,3
272,272,2022/10/6,474,dandy,29026,2840,0,2,11,23,29,24,11,4.696629213,1.064276875,-0.435904159,-0.619408895,8938.340803,5.82E-07,0.426591598,0.238891294,3.34,2
273,273,2022/10/7,475,vigor,26905,2642,0,2,15,35,31,14,2,4.412371134,0.981820078,-0.114138128,-0.547314031,10036.81987,4.25E-06,0.283672586,0.240970117,1.28,2
274,274,2022/10/8,476,howdy,28408,2668,0,2,13,32,32,17,4,4.510416667,0.999945745,-0.216178757,-0.55361413,8718.245153,3.74E-08,0.349501949,0.186314421,0,2
275,275,2022/10/9,477,enjoy,26878,2654,0,3,12,29,33,20,3,4.567010309,1.044447434,-0.36805139,-0.478012998,9015.569765,2.75E-05,0.284971849,0.260459073,1.45,2
276,276,2022/10/10,478,valid,28575,2752,0,4,28,38,21,8,1,4.01010101,0.989795913,0.229799613,-0.473713601,10352.356,2.82E-05,0.318319619,0.251710698,1.71,1
277,277,2022/10/11,479,ionic,29151,2947,0,2,13,25,28,21,11,4.595505618,1.067593125,-0.304874361,-0.745818307,9112.685479,3.93E-06,0.276743179,0.272065829,3.29,2
278,278,2022/10/12,480,equal,27197,2677,0,5,23,35,25,11,2,4.141414141,1.054189343,0.026252247,-0.636020008,9895.403134,0.000100455,0.242096146,0.295885666,1.09,1
279,279,2022/10/13,481,floor,28906,2752,0,3,23,44,24,6,0,4.07,0.908350153,0.101918703,-0.261519789,9391.012788,6.47E-05,0.399307059,0.289995669,1.28,1
280,280,2022/10/14,482,catch,30403,3123,0,7,18,20,15,16,23,4.197368421,1.267194756,-0.024859905,-1.084409605,9438.246959,2.33E-05,0.389779125,0.263404071,2.09,0
281,281,2022/10/15,483,spade,30459,2854,1,8,29,36,19,6,1,3.828282828,1.05447966,0.036265024,-0.252249567,11883.14094,1.42E-06,0.529666522,0.314508446,0.76,3
282,282,2022/10/16,484,stein,31269,2965,1,12,34,32,16,5,1,3.65,1.071214264,0.193415593,-0.338587723,12187.18013,1.62E-07,0.392810741,0.335210048,4.68,3
283,283,2022/10/17,485,exist,28612,2805,0,5,24,38,23,8,1,4.051020408,1.003793305,0.079429095,-0.468725042,10437.83507,5.56E-05,0.336076223,0.288783024,2.18,1
284,284,2022/10/18,486,quirk,28322,2794,0,3,23,39,24,9,2,4.132653061,0.975597725,0.128038189,-0.488823909,8585.781789,2.22E-07,0.319185795,0.19679515,0,1
285,285,2022/10/19,487,denim,28741,2769,0,5,29,40,20,5,0,3.909090909,0.943782515,0.181725027,-0.324869806,10807.12248,5.26E-07,0.298397575,0.27561715,2.21,1
286,286,2022/10/20,488,grove,28637,2794,0,4,18,30,28,17,3,4.371134021,1.096569981,-0.162818322,-0.756369883,10867.1249,2.79E-06,0.472932005,0.289475964,1.56,0
287,287,2022/10/21,489,spiel,29084,2810,0,7,32,36,19,6,1,3.85,1.003742995,0.243999861,-0.43705706,12169.54577,1.09E-07,0.504547423,0.316067563,0,1
288,288,2022/10/22,490,mummy,29279,3021,0,1,4,14,27,37,18,5.144578313,0.945917418,-0.974569919,0.404729625,5705.36615,7.93E-07,0.339974015,0.159203117,0,2
289,289,2022/10/23,491,fault,28947,2768,0,7,27,35,22,8,1,3.96969697,1.048852624,0.112961814,-0.579801896,11161.05883,2.65E-05,0.441316587,0.269813773,0,1
290,290,2022/10/24,492,foggy,28953,2817,0,2,13,35,32,15,3,4.463917526,0.974540396,-0.165945362,-0.471871546,7282.040349,7.52E-07,0.398873971,0.175487224,0,2
291,291,2022/10/25,493,flout,30063,2904,0,6,28,37,21,7,1,3.949494949,1.008787024,0.160160219,-0.476285364,10673.50959,2.09E-07,0.395409268,0.250584669,0.87,1
292,292,2022/10/26,494,carry,27609,2615,0,4,22,35,24,12,3,4.18556701,1.048611226,0.053668641,-0.651869424,10010.64608,7.23E-05,0.510610654,0.317713295,1.07,1
293,293,2022/10/27,495,sneak,27905,2636,0,7,28,36,21,7,1,3.929292929,1.027427161,0.141590262,-0.514758372,11321.58289,1.34E-06,0.391511477,0.316673886,1.38,1
294,294,2022/10/28,496,libel,25156,2536,0,3,15,32,32,16,2,4.43877551,1.030814286,-0.226856532,-0.561497225,9824.179517,3.37E-06,0.353832828,0.312862712,1.2,2
295,295,2022/10/29,497,waltz,24672,2496,0,2,11,29,35,19,3,4.604166667,0.994559855,-0.352418157,-0.427023854,9217.355155,7.31E-07,0.277609355,0.229883066,1.09,2
296,296,2022/10/30,498,aptly,26498,2572,0,3,26,41,23,7,1,4.05,0.942072184,0.187480027,-0.403269193,10908.9695,1.82E-06,0.362927674,0.277955825,0,1
297,297,2022/10/31,499,piney,27502,3667,0,1,14,37,33,14,2,4.454545455,0.934984765,-0.053313394,-0.5768528,11178.00072,6.09E-08,0.502815071,0.282546557,3.12,2
298,298,2022/11/1,500,inept,27670,2640,0,6,30,39,20,6,1,3.900990099,0.980047993,0.198926944,-0.383758974,11270.78687,6.37E-07,0.260285838,0.30896492,3.12,1
299,299,2022/11/2,501,aloud,29554,2819,1,18,31,30,15,4,1,3.525252525,1.104110176,0.206229878,-0.533041601,11197.3639,6.13E-06,0.339107839,0.286097878,1.96,3
300,300,2022/11/3,502,photo,27330,2565,0,5,34,43,15,3,0,3.77,0.870114935,0.280170129,-0.039955415,8781.02153,1.14E-05,0.31398874,0.258726721,1.04,1
301,301,2022/11/4,503,dream,29743,2751,5,14,31,29,15,4,1,3.479591837,1.180017224,-0.025738513,-0.360969528,11701.94787,2.49E-05,0.328713729,0.33009961,2.54,3
302,302,2022/11/5,504,stale,31068,3013,2,19,30,27,15,6,2,3.525252525,1.192090383,0.226372777,-0.580047947,13249.65116,2.06E-06,0.576873105,0.374014726,2.97,3
303,303,2022/11/6,505,begin,26096,2439,0,6,26,36,23,7,1,3.989795918,1.015139459,0.078928297,-0.527960148,10484.33437,5.51E-05,0.333044608,0.265309658,3.01,1
304,304,2022/11/7,506,spell,27213,2531,0,4,24,37,24,9,1,4.102040816,1.00498549,0.096468353,-0.540346987,9929.470288,7.57E-06,0.398440883,0.320051972,0.58,1
305,305,2022/11/8,507,rainy,28984,2678,1,16,38,31,11,3,1,3.44,1.013114011,0.307702895,-0.126608586,11932.49783,3.52E-06,0.528800346,0.306539627,3.12,3
306,306,2022/11/9,508,unite,27467,2575,1,11,31,33,18,5,1,3.717171717,1.073466998,0.090114568,-0.390073506,11931.81821,6.63E-06,0.410134257,0.317713296,2.32,3
307,307,2022/11/10,509,medal,25993,2438,0,5,25,38,23,8,1,4.04040404,1.004225335,0.098661726,-0.482981624,11468.11576,3.89E-06,0.320485058,0.314421828,3.05,1
308,308,2022/11/11,510,valet,24660,2356,0,4,22,38,25,9,1,4.132653061,0.996296767,0.041887705,-0.4880462,11897.13182,1.03E-06,0.446080554,0.329320053,1.92,1
309,309,2022/11/12,511,inane,25085,2515,0,8,25,30,21,13,3,4.06185567,1.156019058,0.079559082,-0.829097444,10795.50461,2.88E-07,0.446513642,0.348289303,5.11,0
310,310,2022/11/13,512,maple,26536,2467,1,6,26,36,21,8,1,3.959183673,1.068265496,-0.019243463,-0.253667217,11785.11647,3.10E-06,0.455608489,0.311996536,1.4,1
311,311,2022/11/14,513,snarl,27475,2650,0,5,21,31,24,15,4,4.239583333,1.115653692,-0.031530821,-0.79757348,12428.89564,4.72E-07,0.460372456,0.331658727,1.07,0
312,312,2022/11/15,514,baker,25576,2541,0,5,16,23,24,22,10,4.466666667,1.194431524,-0.292809079,-0.904940752,11081.74577,1.48E-06,0.441316587,0.31113036,2.05,0
313,313,2022/11/16,515,there,27465,2530,0,14,35,33,14,4,0,3.59,1.020735029,0.320128608,-0.375322698,10741.82278,0.00114139,0.451277609,0.387440451,10.53,3
314,314,2022/11/17,516,glyph,29208,2899,0,2,23,49,20,5,1,4.03030303,0.846317578,0.242469152,0.009428008,9060.481111,1.83E-07,0.229969684,0.190731919,0,1
315,315,2022/11/18,517,avert,24749,2400,0,7,26,35,22,9,1,4,1.063632047,0.10073301,-0.600765306,11742.83322,1.95E-06,0.318319619,0.344997835,2.88,1
316,316,2022/11/19,518,brave,24991,2396,1,6,17,27,27,18,5,4.322916667,1.203249002,-0.352062988,-0.529949808,11299.05132,1.06E-05,0.525335643,0.30610654,1.52,0
317,317,2022/11/20,519,axiom,24288,2382,0,5,19,33,27,13,3,4.24742268,1.074838063,-0.105017345,-0.644150938,9176.621688,1.60E-06,0.257254223,0.238284972,1.38,0
318,318,2022/11/21,520,prime,27437,2534,1,10,26,32,21,9,1,3.898989899,1.150274008,-0.001354318,-0.55425608,11732.87959,1.86E-05,0.504114335,0.301255955,1.52,3
319,319,2022/11/22,521,drive,26663,2451,1,12,32,30,18,6,1,3.707070707,1.112395951,0.155160589,-0.493415333,11154.88748,4.21E-05,0.481160676,0.289475964,1.56,3
320,320,2022/11/23,522,feast,27705,2725,5,13,25,27,19,10,2,3.727272727,1.324349902,-0.090998641,-0.648483868,12201.52622,7.17E-06,0.478995236,0.331831963,2.61,3
321,321,2022/11/24,523,itchy,24197,2329,0,8,28,40,18,5,1,3.838383838,0.981722571,0.135361259,-0.312081996,9529.53276,2.88E-07,0.242096146,0.232568211,1.72,1
322,322,2022/11/25,524,clean,26381,2424,1,17,36,31,12,3,0,3.45,1.033198916,0.269960326,-0.265574867,12327.90423,3.45E-05,0.375487224,0.343785189,3.51,3
323,323,2022/11/26,525,happy,25206,2356,0,6,28,39,19,6,1,3.908163265,0.980282495,0.184383491,-0.342651547,8226.782865,4.83E-05,0.365526202,0.21792984,0.93,1
324,324,2022/11/27,526,tepid,26051,2484,0,10,38,35,13,3,0,3.606060606,0.940859073,0.347136273,-0.162600506,11222.20431,5.45E-07,0.313122564,0.293373755,1.2,1
325,325,2022/11/28,527,undue,23739,2316,0,3,19,35,29,13,2,4.303030303,1.019551748,-0.060126489,-0.624505238,9124.271729,6.57E-06,0.302728454,0.270939801,1.35,2
326,326,2022/11/29,528,study,2569,2405,0,6,30,33,19,10,2,3.969387755,1.073370446,0.25886077,-0.630715423,10075.77449,0.000240195,0.450411434,0.232135123,1.05,1
327,327,2022/11/30,529,eject,22628,2200,0,2,11,35,36,14,2,4.5,0.939496174,-0.258409319,-0.260950917,8116.618172,5.82E-07,0.283239498,0.319705501,0,2
328,328,2022/12/1,530,chafe,24646,2343,0,6,30,33,19,9,2,3.948453608,1.058798522,0.259076746,-0.593095629,11090.01018,2.08E-07,0.478562148,0.285491556,1.53,1
329,329,2022/12/2,531,torso,23873,2260,0,4,35,36,17,6,1,3.857142857,0.958314847,0.427337436,-0.314074074,10451.03648,1.38E-06,0.355132092,0.329146816,2.32,1
330,330,2022/12/3,532,adore,25577,2398,2,17,32,29,15,5,1,3.53,1.14415908,0.186707516,-0.460604039,12549.07095,1.35E-06,0.422260719,0.367951494,3.13,3
331,331,2022/12/4,533,woken,23153,2200,0,2,10,25,36,23,4,4.708333333,1.009503453,-0.486152164,-0.358587104,9966.652791,5.86E-07,0.35556518,0.256388047,1.45,2
332,332,2022/12/5,534,amber,23509,2261,0,6,22,33,24,12,3,4.144329897,1.093464095,-0.004017624,-0.694160356,11225.48871,2.25E-06,0.330879168,0.320311823,2.63,0
333,333,2022/12/6,535,joust,24899,2388,0,6,29,34,21,8,2,3.959183673,1.039214454,0.190624817,-0.582112778,9832.161447,1.22E-07,0.38458207,0.228930273,1.92,1
334,334,2022/12/7,536,infer,21199,1863,0,3,19,33,26,14,3,4.305263158,1.047037768,-0.028239821,-0.707870989,11015.79531,4.84E-06,0.292767432,0.311736683,4.48,2
335,335,2022/12/8,537,braid,23640,2165,0,10,36,35,14,3,0,3.632653061,0.951773373,0.292235695,-0.256632897,11329.32022,1.10E-06,0.442615851,0.27847553,0.69,1
336,336,2022/12/9,538,knock,21157,2041,0,3,18,43,27,8,1,4.191919192,0.928524056,-0.010633959,-0.246163398,7873.588932,5.77E-06,0.265482893,0.192377653,0,1
337,337,2022/12/10,539,naive,21947,2075,1,7,24,32,24,11,1,4.050505051,1.140385699,-0.098895048,-0.503711253,11486.9884,3.24E-06,0.465136423,0.311823301,0.83,0
338,338,2022/12/11,540,apply,22873,2150,0,5,28,38,22,7,1,3.98,0.989747443,0.163769708,-0.467371204,8779.492634,7.95E-05,0.339540927,0.246427025,0,1
339,339,2022/12/12,541,spoke,24101,2224,0,6,31,38,19,5,0,3.858585859,0.964104242,0.217757931,-0.359519014,10789.60401,4.08E-05,0.496318753,0.279428325,0,1
340,340,2022/12/13,542,usual,20824,2048,0,3,20,39,27,10,1,4.212121212,0.977243363,0.020453805,-0.47848003,9338.050878,5.80E-05,0.229969684,0.285058468,1.09,1
341,341,2022/12/14,543,rival,22176,2127,0,7,27,35,22,8,1,3.96969697,1.048852624,0.112961814,-0.579801896,10956.40309,9.62E-06,0.29103508,0.29536596,1.82,1
342,342,2022/12/15,544,probe,22853,2160,0,6,24,32,24,11,3,4.103092784,1.088691034,0.034644239,-0.718671973,11523.00174,8.09E-06,0.475097445,0.305326981,1.31,0
343,343,2022/12/16,545,chord,22336,2088,0,7,39,38,13,3,0,3.66,0.896883493,0.387817319,-0.018477686,10797.07878,3.73E-06,0.369423993,0.251624079,1.88,1
344,344,2022/12/17,546,taper,22166,2108,0,8,28,30,20,11,3,3.979381443,1.130453622,0.168903623,-0.767592227,12724.27806,1.89E-06,0.450411434,0.36344738,2.05,0
345,345,2022/12/18,547,slate,26010,2422,6,14,33,27,13,5,1,3.428571429,1.212183053,0.063836029,-0.311342593,13521.08663,4.82E-06,0.620181897,0.374014726,2.69,3
346,346,2022/12/19,548,third,24137,2261,1,10,47,32,9,2,0,3.435643564,0.894602535,0.359663074,0.447128993,11191.70636,0.000153992,0.358163707,0.266435686,4.32,1
347,347,2022/12/20,549,lunar,22180,2036,0,5,32,40,17,4,0,3.826530612,0.915016563,0.269207584,-0.203378559,11879.14296,3.45E-06,0.339107839,0.314161975,1.07,1
348,348,2022/12/21,550,excel,20490,2034,0,1,13,34,34,15,2,4.505154639,0.94294681,-0.125527438,-0.584208997,8133.077546,1.70E-06,0.266349069,0.319445649,0.65,2
349,349,2022/12/22,551,aorta,21937,2112,0,7,26,35,20,10,3,4,1.078547776,0.146395682,-0.602031394,10788.54748,2.61E-06,0.339540927,0.374967518,1.28,1
350,350,2022/12/23,552,poise,20281,1911,2,11,34,32,15,6,1,3.65,1.10792599,0.148347862,-0.215720028,12271.70269,9.44E-07,0.553919446,0.319272413,2.06,3
351,351,2022/12/24,553,extra,15554,1562,1,5,20,35,28,10,1,4.151515152,1.076504222,-0.254995892,-0.200274512,10517.50934,3.56E-05,0.177566046,0.335036813,0.69,0
352,352,2022/12/25,554,judge,20011,2043,0,2,8,16,26,33,14,4.941176471,1.077611096,-0.785623024,-0.231873321,8701.794769,5.70E-05,0.336942399,0.210134258,0,2
353,353,2022/12/26,555,condo,20879,2012,0,2,17,35,29,14,3,4.371134021,0.998138346,-0.047241844,-0.641685151,8864.73501,5.12E-07,0.320918146,0.255262017,3.9,2
354,354,2022/12/27,556,impel,20160,1937,0,3,21,40,25,9,1,4.163265306,0.965674952,0.077190875,-0.431806852,10723.38531,4.07E-07,0.260718926,0.285578173,0,1
355,355,2022/12/28,557,havoc,20001,1919,0,2,16,38,30,12,2,4.346938776,0.959400757,-0.045970149,-0.483318933,9700.550141,1.71E-06,0.253356431,0.237505414,0.93,2
356,356,2022/12/29,558,molar,21204,1973,0,4,21,38,26,9,1,4.153061224,0.993366168,0.002536352,-0.472329753,11906.88301,3.42E-06,0.377652663,0.316760502,1.07,1
357,357,2022/12/30,559,manly,20380,1899,0,2,17,37,29,12,2,4.329896907,0.970934819,-0.02233707,-0.543569536,10833.82186,2.72E-06,0.465136423,0.26019922,2.56,2
