word,freq
aback,9.348e-07
abase,9.21725e-08
abate,1.53374e-06
abbey,2.0241099999999997e-06
abbot,2.14039e-06
abhor,5.67927e-07
abide,4.3666799999999995e-06
abled,8.460739999999999e-08
abode,3.86656e-06
abort,5.94533e-07
about,0.000988835
above,0.000280052
abuse,2.57216e-05
abyss,1.76845e-06
acorn,4.88927e-07
acrid,7.0628e-07
actor,9.8911e-06
acute,2.6595e-05
adage,7.58717e-07
adapt,6.73097e-06
adept,1.40932e-06
admin,8.33169e-07
admit,2.56365e-05
adobe,8.260630000000001e-07
adopt,2.24539e-05
adore,1.3531999999999998e-06
adorn,1.4194599999999999e-06
adult,3.52473e-05
affix,9.154e-07
afire,3.11371e-07
afoot,6.98031e-07
afoul,2.8672599999999997e-07
after,0.000641221
again,0.000256395
agape,3.2565599999999996e-07
agate,6.007119999999999e-07
agent,6.0683e-05
agile,9.08594e-07
aging,7.96323e-06
aglow,2.92193e-07
agony,4.36667e-06
agree,5.30029e-05
ahead,3.24863e-05
aider,1.41782e-07
aisle,3.16939e-06
alarm,1.14353e-05
album,4.072569999999999e-06
alert,7.55286e-06
algae,3.79896e-06
alibi,9.16774e-07
alien,1.12379e-05
align,1.77463e-06
alike,1.63888e-05
alive,2.38421e-05
allay,1.01858e-06
alley,3.874e-06
allot,6.44939e-07
allow,7.48217e-05
alloy,9.96806e-06
aloft,1.8234699999999998e-06
alone,0.000105151
along,0.00017435
aloof,1.77211e-06
aloud,6.1261099999999995e-06
alpha,5.89135e-06
altar,9.083349999999998e-06
alter,1.53763e-05
amass,3.49268e-07
amaze,4.17525e-07
amber,2.25197e-06
amble,1.31578e-07
amend,2.76839e-05
amiss,1.4162999999999999e-06
amity,7.554859999999999e-07
among,0.000238145
ample,1.29066e-05
amply,3.34012e-06
amuse,1.77111e-06
angel,7.85529e-06
anger,1.72881e-05
angle,3.74126e-05
angry,1.64219e-05
angst,3.07226e-07
anime,1.5547699999999998e-07
ankle,3.6988199999999998e-06
annex,2.11973e-06
annoy,1.0086e-06
annul,1.02153e-06
anode,3.33907e-06
antic,1.77906e-07
anvil,9.900239999999999e-07
aorta,2.60591e-06
apart,3.68617e-05
aphid,8.290459999999999e-07
aping,1.2129799999999998e-07
apnea,6.95418e-07
apple,9.84371e-06
apply,7.94955e-05
apron,2.6294599999999997e-06
aptly,1.82041e-06
arbor,7.42178e-07
ardor,9.36819e-07
arena,5.1093599999999995e-06
argue,1.94294e-05
arise,2.81713e-05
armor,3.65403e-06
aroma,1.56541e-06
arose,1.67534e-05
array,1.4589e-05
arrow,7.59951e-06
arson,1.20455e-06
artsy,6.06881e-08
ascot,2.10384e-08
ashen,3.81612e-07
aside,3.4624e-05
askew,2.68498e-07
assay,6.26048e-06
asset,1.3441e-05
atoll,3.5704699999999995e-07
atone,7.28611e-07
attic,1.98938e-06
audio,6.5904699999999994e-06
audit,1.17189e-05
augur,2.77508e-07
aunty,8.8683e-08
avail,7.39821e-06
avert,1.94526e-06
avian,1.18544e-06
avoid,5.29267e-05
await,4.24418e-06
awake,7.1159e-06
award,2.7513e-05
aware,4.70741e-05
awash,3.93536e-07
awful,8.63522e-06
awoke,2.7216e-06
axial,6.89363e-06
axiom,1.6025899999999998e-06
axion,4.66e-08
azure,1.00838e-06
bacon,3.22868e-06
badge,2.4371e-06
badly,1.38886e-05
bagel,1.6145499999999999e-07
baggy,4.38191e-07
baker,1.48312e-06
baler,1.3187699999999998e-07
balmy,5.39111e-07
banal,5.974929999999999e-07
banjo,4.4640000000000003e-07
barge,3.45119e-06
baron,1.64081e-06
basal,1.00005e-05
basic,8.30123e-05
basil,7.63967e-07
basin,1.57181e-05
basis,0.000151921
baste,1.82053e-07
batch,5.60345e-06
bathe,1.3396399999999999e-06
baton,6.201929999999999e-07
batty,4.5758799999999995e-08
bawdy,3.33454e-07
bayou,3.6413199999999997e-07
beach,1.4335e-05
beady,1.77156e-07
beard,5.043899999999999e-06
beast,6.752379999999999e-06
beech,1.55861e-06
beefy,1.60338e-07
befit,1.18561e-07
began,0.000123159
begat,4.28199e-07
beget,5.86861e-07
begin,5.51033e-05
begun,2.84482e-05
being,0.000635729
belch,1.2741899999999998e-07
belie,3.60415e-07
belle,6.04762e-07
belly,5.99669e-06
below,0.000138217
bench,1.00002e-05
beret,1.90287e-07
berry,1.64009e-06
berth,1.76745e-06
beset,2.32363e-06
betel,4.1067999999999997e-07
bevel,9.61399e-07
bezel,1.18425e-07
bible,9.000690000000001e-07
bicep,9.580510000000001e-08
biddy,3.36582e-08
bigot,2.3676199999999999e-07
bilge,4.30187e-07
billy,2.2170299999999998e-07
binge,5.70195e-07
bingo,4.70549e-07
biome,1.42441e-07
birch,2.30414e-06
birth,4.0972e-05
bison,8.989929999999999e-07
bitty,6.856040000000001e-08
black,0.000115219
blade,1.08876e-05
blame,1.31298e-05
bland,1.21924e-06
blank,1.36951e-05
blare,1.77647e-07
blast,8.57415e-06
blaze,2.2928099999999997e-06
bleak,2.1166999999999996e-06
bleat,1.31461e-07
bleed,1.8550299999999998e-06
bleep,5.46277e-08
blend,4.969699999999999e-06
bless,5.5544099999999996e-06
blimp,8.599040000000001e-08
blind,2.07476e-05
blink,1.1645399999999999e-06
bliss,2.89758e-06
blitz,2.5842999999999997e-07
bloat,1.77089e-07
block,3.81226e-05
bloke,4.6741599999999993e-07
blond,2.61839e-06
blood,0.000111446
bloom,5.44744e-06
blown,7.06219e-06
bluer,1.50632e-07
bluff,2.12333e-06
blunt,3.6337e-06
blurb,1.55466e-07
blurt,1.7388699999999997e-07
blush,2.52834e-06
board,0.000114085
boast,3.90191e-06
bobby,1.31446e-07
boney,3.45674e-08
bongo,5.77882e-08
bonus,6.50128e-06
booby,3.22571e-07
boost,3.996869999999999e-06
booth,2.69475e-06
booty,1.20114e-06
booze,6.32269e-07
boozy,5.63373e-08
borax,8.27377e-07
borne,1.71749e-05
bosom,5.38203e-06
bossy,2.2002700000000002e-07
botch,7.49599e-08
bough,7.142899999999999e-07
boule,8.067550000000001e-08
bound,5.44713e-05
bowel,4.2515199999999996e-06
boxer,6.73582e-07
brace,2.02037e-06
braid,1.09824e-06
brain,4.25914e-05
brake,7.34178e-06
brand,1.26529e-05
brash,3.7310699999999995e-07
brass,1.03372e-05
brave,1.05699e-05
bravo,1.36136e-07
brawl,4.2511400000000003e-07
brawn,2.18501e-07
bread,2.27827e-05
break,4.42929e-05
breed,8.00839e-06
briar,1.98832e-07
bribe,1.7663e-06
brick,1.55686e-05
bride,7.14876e-06
brief,4.47814e-05
brine,2.64408e-06
bring,9.88633e-05
brink,1.90274e-06
briny,1.45613e-07
brisk,2.28167e-06
broad,5.1968e-05
broil,2.2136399999999997e-07
broke,2.45577e-05
brood,3.3707699999999996e-06
brook,3.15301e-06
broom,1.70009e-06
broth,2.6574399999999996e-06
brown,4.23701e-05
brunt,9.106009999999999e-07
brush,1.12428e-05
brute,2.49537e-06
buddy,1.37274e-06
budge,6.65444e-07
buggy,1.29187e-06
bugle,5.8528e-07
build,4.41737e-05
built,8.44308e-05
bulge,1.1478699999999999e-06
bulky,2.04998e-06
bully,1.27763e-06
bunch,5.67914e-06
bunny,2.95904e-07
burly,6.94097e-07
burnt,7.87593e-06
burst,1.27475e-05
bused,9.23984e-08
bushy,1.0067099999999999e-06
butch,1.5183e-07
butte,1.2044099999999999e-07
buxom,2.19592e-07
buyer,1.18663e-05
bylaw,3.3581299999999996e-07
cabal,2.48464e-07
cabby,7.28333e-08
cabin,8.94315e-06
cable,1.92341e-05
cacao,7.717869999999999e-07
cache,2.22129e-06
cacti,3.45298e-07
caddy,1.37429e-07
cadet,1.1189e-06
cagey,8.28059e-08
cairn,4.38225e-07
camel,2.3051599999999997e-06
cameo,3.36783e-07
canal,1.89256e-05
candy,3.5597799999999997e-06
canny,3.01648e-07
canoe,3.5471499999999996e-06
canon,3.9821599999999995e-06
caper,2.3640099999999997e-07
caput,3.9555199999999997e-07
carat,3.1934300000000003e-07
cargo,1.55228e-05
carol,3.09183e-07
carry,7.23121e-05
carve,1.0964799999999999e-06
caste,5.81831e-06
catch,2.33216e-05
cater,1.40409e-06
catty,9.710770000000001e-08
caulk,7.86502e-08
cause,0.000164419
cavil,3.00339e-07
cease,1.42835e-05
cedar,2.77098e-06
cello,8.017989999999999e-07
chafe,2.0804699999999998e-07
chaff,1.15333e-06
chain,3.30247e-05
chair,3.26923e-05
chalk,3.75552e-06
champ,2.75552e-07
chant,1.84929e-06
chaos,6.35077e-06
chard,2.1224899999999998e-07
charm,8.6081e-06
chart,1.58284e-05
chase,4.92439e-06
chasm,1.16944e-06
cheap,1.29866e-05
cheat,1.8434299999999998e-06
check,4.82018e-05
cheek,9.359159999999999e-06
cheer,3.7711199999999995e-06
chess,2.2754e-06
chest,2.34121e-05
chick,2.39583e-06
chide,2.92116e-07
chief,6.95141e-05
child,0.000157028
chili,7.95766e-07
chill,4.160219999999999e-06
chime,5.41044e-07
china,2.73911e-06
chirp,3.58853e-07
chock,2.4652199999999996e-07
choir,4.07212e-06
choke,1.69709e-06
chord,3.72766e-06
chore,6.875519999999999e-07
chose,1.61586e-05
chuck,1.09775e-06
chump,8.03051e-08
chunk,1.1463099999999998e-06
churn,7.414929999999999e-07
chute,1.4993e-06
cider,1.51737e-06
cigar,3.31648e-06
cinch,2.09761e-07
circa,1.82526e-06
civic,7.71498e-06
civil,6.13589e-05
clack,1.79959e-07
claim,9.81882e-05
clamp,2.8527399999999996e-06
clang,4.2206099999999993e-07
clank,1.71141e-07
clash,2.819e-06
clasp,1.37505e-06
class,0.000162183
clean,3.44882e-05
clear,0.000141289
cleat,2.12094e-07
cleft,2.55097e-06
clerk,2.94875e-05
click,1.09535e-05
cliff,4.50551e-06
climb,7.78068e-06
cling,2.39e-06
clink,2.6499499999999997e-07
cloak,4.2558899999999995e-06
clock,1.35589e-05
clone,1.5094299999999999e-06
close,0.000132717
cloth,2.29441e-05
cloud,1.51313e-05
clout,6.902389999999999e-07
clove,7.411089999999999e-07
clown,1.30794e-06
cluck,9.542099999999999e-08
clued,5.04497e-08
clump,1.1033999999999999e-06
clung,3.00586e-06
coach,9.18997e-06
coast,3.95809e-05
cobra,4.0167400000000003e-07
cocoa,3.12547e-06
colon,4.5319799999999994e-06
color,6.03667e-05
comet,1.89243e-06
comfy,2.07322e-07
comic,5.7510099999999995e-06
comma,1.82768e-06
conch,4.6185299999999995e-07
condo,5.124529999999999e-07
conic,8.15776e-07
copse,3.3610199999999995e-07
coral,4.02096e-06
corer,8.404400000000001e-08
corny,1.80322e-07
couch,5.23972e-06
cough,4.88478e-06
could,0.000778275
count,2.92114e-05
coupe,3.64028e-07
court,0.000247044
coven,1.7848299999999997e-07
cover,6.95896e-05
covet,5.183019999999999e-07
covey,1.45935e-07
cower,1.62635e-07
coyly,1.7492499999999999e-07
crack,1.1333e-05
craft,1.20045e-05
cramp,5.42147e-07
crane,3.40999e-06
crank,3.3119299999999996e-06
crash,6.08352e-06
crass,3.46789e-07
crate,1.1782799999999999e-06
crave,1.07651e-06
crawl,2.27719e-06
craze,6.87398e-07
crazy,8.077730000000001e-06
creak,4.55269e-07
cream,1.63513e-05
credo,3.93217e-07
creed,4.44258e-06
creek,7.0473499999999995e-06
creep,4.971009999999999e-06
creme,1.56712e-07
crepe,4.76166e-07
crept,3.5838199999999996e-06
cress,2.1852699999999998e-07
crest,5.83524e-06
crick,7.36792e-08
cried,2.08611e-05
crier,2.48829e-07
crime,4.01568e-05
crimp,2.6578899999999997e-07
crisp,2.69356e-06
croak,2.63565e-07
crock,2.3676300000000001e-07
crone,1.89895e-07
crony,1.45841e-07
crook,9.56206e-07
cross,7.53106e-05
croup,4.7034799999999997e-07
crowd,2.0435e-05
crown,1.8605e-05
crude,1.58682e-05
cruel,9.922579999999999e-06
crumb,4.838269999999999e-07
crump,1.9817e-08
crush,3.64386e-06
crust,5.43062e-06
crypt,7.83855e-07
cubic,1.57184e-05
cumin,4.4813499999999996e-07
curio,1.39448e-07
curly,1.51516e-06
curry,9.40635e-07
curse,5.87767e-06
curve,3.50762e-05
curvy,1.33569e-07
cutie,5.56362e-08
cyber,9.569039999999998e-07
cycle,3.46442e-05
cynic,3.51945e-07
daddy,1.5752099999999998e-06
daily,6.47606e-05
dairy,1.22927e-05
daisy,5.89078e-07
dally,4.6332399999999995e-07
dance,2.08632e-05
dandy,5.81737e-07
datum,1.8749899999999998e-06
daunt,1.32708e-07
dealt,2.09466e-05
death,0.000170244
debar,2.58707e-07
debit,1.99616e-06
debug,3.6319799999999997e-07
debut,1.98196e-06
decal,1.37693e-07
decay,1.34512e-05
decor,9.78898e-07
decoy,4.7423099999999995e-07
decry,3.24705e-07
defer,2.64799e-06
deign,3.55619e-07
deity,3.62339e-06
delay,3.2789e-05
delta,3.974009999999999e-06
delve,6.202619999999999e-07
demon,3.4033499999999998e-06
demur,4.7527499999999997e-07
denim,5.25592e-07
dense,1.2336e-05
depot,4.13869e-06
depth,4.83886e-05
derby,2.11044e-07
deter,3.4117199999999996e-06
detox,1.23669e-07
deuce,3.96687e-07
devil,9.84519e-06
diary,5.72055e-06
dicey,6.913630000000001e-08
digit,4.31315e-06
dilly,6.96544e-08
dimly,1.76278e-06
diner,7.23662e-07
dingo,9.06663e-08
dingy,9.34675e-07
diode,2.73763e-06
dirge,3.24182e-07
dirty,9.545920000000001e-06
disco,5.40627e-07
ditch,5.72885e-06
ditto,2.4173399999999995e-06
ditty,2.63354e-07
diver,1.11062e-06
dizzy,1.35538e-06
dodge,7.41944e-07
dodgy,1.1966e-07
dogma,2.2109e-06
doing,0.000106885
dolly,3.09808e-07
donor,8.036699999999999e-06
donut,1.7741999999999998e-07
dopey,6.79807e-08
doubt,8.2792e-05
dough,3.47452e-06
dowdy,1.3080499999999999e-07
dowel,3.84136e-07
downy,8.08252e-07
dowry,1.2548999999999998e-06
dozen,1.91282e-05
draft,2.52586e-05
drain,9.759460000000001e-06
drake,1.55149e-07
drama,1.40617e-05
drank,6.16898e-06
drape,3.9610999999999996e-07
drawl,3.13377e-07
drawn,6.09904e-05
dread,5.80989e-06
dream,2.49003e-05
dress,2.4183e-05
dried,1.80088e-05
drier,1.70066e-06
drift,1.02332e-05
drill,1.02392e-05
drink,2.73749e-05
drive,4.21125e-05
droit,7.71422e-07
droll,4.4490600000000003e-07
drone,9.387999999999999e-07
drool,1.64063e-07
droop,5.63803e-07
dross,5.264759999999999e-07
drove,1.61518e-05
drown,1.64281e-06
druid,9.26066e-08
drunk,8.54412e-06
dryer,1.5103e-06
dryly,6.65441e-07
duchy,7.79756e-07
dully,3.1636799999999996e-07
dummy,2.2658e-06
dumpy,1.25182e-07
dunce,1.83756e-07
dusky,1.84037e-06
dusty,3.0483899999999996e-06
dutch,1.2680899999999998e-07
duvet,1.5890299999999998e-07
dwarf,3.11418e-06
dwell,7.16657e-06
dwelt,3.60718e-06
dying,1.67777e-05
eager,1.07901e-05
eagle,3.86497e-06
early,0.000195786
earth,7.79016e-05
easel,6.23547e-07
eaten,9.190179999999999e-06
eater,7.580599999999999e-07
ebony,7.05318e-07
eclat,1.07471e-07
edict,1.5673099999999999e-06
edify,1.66928e-07
eerie,9.85633e-07
egret,9.97507e-08
eight,8.13204e-05
eject,5.8155e-07
eking,1.01123e-07
elate,1.1147999999999999e-07
elbow,5.6778e-06
elder,8.039490000000001e-06
elect,1.09552e-05
elegy,5.2023e-07
elfin,1.63583e-07
elide,6.03144e-08
elite,7.97944e-06
elope,1.4356899999999998e-07
elude,8.02851e-07
email,4.25385e-06
embed,4.5669599999999995e-07
ember,3.23597e-07
emcee,6.94955e-08
empty,2.62802e-05
enact,5.60114e-06
endow,7.89659e-07
enema,6.25741e-07
enemy,4.57648e-05
enjoy,2.74733e-05
ennui,3.7209299999999997e-07
ensue,1.8026199999999998e-06
enter,5.55258e-05
entry,4.34432e-05
envoy,1.5623399999999999e-06
epoch,4.42617e-06
epoxy,1.99623e-06
equal,0.000100455
equip,2.94818e-06
erase,1.43348e-06
erect,9.861959999999999e-06
erode,8.12678e-07
error,6.60038e-05
erupt,5.296509999999999e-07
essay,1.39453e-05
ester,2.9907499999999997e-06
ether,8.83917e-06
ethic,2.1396899999999998e-06
ethos,1.6988399999999998e-06
etude,1.9452199999999997e-07
evade,2.34874e-06
event,6.61857e-05
every,0.000337955
evict,2.85866e-07
evoke,2.03574e-06
exact,2.8788e-05
exalt,8.664179999999999e-07
excel,1.70309e-06
exert,6.19829e-06
exile,6.528389999999999e-06
exist,5.56146e-05
expel,1.6452e-06
extol,3.67939e-07
extra,3.56054e-05
exult,2.5856599999999996e-07
eying,1.1445899999999999e-07
fable,1.82861e-06
facet,1.95707e-06
faint,9.90192e-06
fairy,4.5387e-06
faith,6.45205e-05
false,3.73711e-05
fancy,1.28322e-05
fanny,1.0061299999999999e-07
farce,1.70051e-06
fatal,1.47627e-05
fatty,7.847669999999999e-06
fault,2.65036e-05
fauna,4.9706400000000006e-06
favor,4.23326e-05
feast,7.17131e-06
fecal,1.4229099999999998e-06
feign,3.84932e-07
fella,3.9811899999999994e-07
felon,6.82064e-07
femme,5.686759999999999e-07
femur,2.09149e-06
fence,1.05907e-05
feral,5.14967e-07
ferry,4.09341e-06
fetal,5.31963e-06
fetch,3.54875e-06
fetid,4.43717e-07
fetus,3.3434499999999997e-06
fever,2.06523e-05
fewer,1.81199e-05
fiber,1.47283e-05
ficus,6.76432e-08
field,0.00017946
fiend,8.2934e-07
fiery,3.68136e-06
fifth,2.758e-05
fifty,4.22288e-05
fight,3.78254e-05
filer,2.33882e-07
filet,1.80594e-07
filly,3.2352e-07
filmy,2.32497e-07
filth,1.67659e-06
final,0.000100122
finch,2.0897499999999998e-07
finer,5.64375e-06
first,0.000783794
fishy,3.06586e-07
fixer,2.19335e-07
fizzy,7.852280000000001e-08
fjord,3.51426e-07
flack,4.3489899999999996e-08
flail,3.14522e-07
flair,7.46653e-07
flake,1.05532e-06
flaky,3.30239e-07
flame,1.33476e-05
flank,4.419139999999999e-06
flare,2.1953499999999997e-06
flash,8.7732e-06
flask,4.38823e-06
fleck,1.0436099999999999e-07
fleet,1.59426e-05
flesh,2.00558e-05
flick,7.087659999999999e-07
flier,2.93202e-07
fling,1.2823e-06
flint,2.46332e-06
flirt,5.510640000000001e-07
float,6.02002e-06
flock,6.04091e-06
flood,1.91659e-05
floor,6.46739e-05
flora,4.106799999999999e-06
floss,3.29877e-07
flour,1.38015e-05
flout,2.08596e-07
flown,3.44178e-06
fluff,3.19099e-07
fluid,3.49325e-05
fluke,4.32767e-07
flume,6.40919e-07
flung,4.6236399999999995e-06
flunk,6.98225e-08
flush,4.28189e-06
flute,2.2729099999999997e-06
flyer,6.76386e-07
foamy,2.69438e-07
focal,6.711229999999999e-06
focus,4.79724e-05
foggy,7.519479999999999e-07
foist,1.38931e-07
folio,3.56462e-06
folly,5.41117e-06
foray,4.3575199999999997e-07
force,0.00015238
forge,2.4250799999999997e-06
forgo,5.818870000000001e-07
forte,7.575409999999999e-07
forth,7.20457e-05
forty,3.8081e-05
forum,6.45962e-06
found,0.000423381
foyer,9.32342e-07
frail,2.42711e-06
frame,3.80412e-05
frank,4.016009999999999e-06
fraud,1.73905e-05
freak,1.1696e-06
freed,6.02735e-06
freer,1.44825e-06
fresh,4.7256e-05
friar,9.39164e-07
fried,2.4219799999999997e-06
frill,2.30588e-07
frisk,1.80111e-07
fritz,2.52508e-08
frock,9.824989999999999e-07
frond,4.33758e-07
front,9.9883e-05
frost,5.94732e-06
froth,7.80311e-07
frown,2.3366699999999996e-06
froze,1.9842e-06
fruit,4.12558e-05
fudge,3.34622e-07
fugue,4.483329999999999e-07
fully,8.02887e-05
fungi,4.7789900000000005e-06
funky,2.6291199999999997e-07
funny,7.54995e-06
furor,3.2829499999999996e-07
furry,4.88813e-07
fussy,4.74218e-07
fuzzy,3.49438e-06
gaffe,6.61192e-08
gaily,1.05885e-06
gamer,7.567890000000001e-08
gamma,5.97485e-06
gamut,8.10844e-07
gassy,1.24678e-07
gaudy,8.00813e-07
gauge,1.01553e-05
gaunt,8.75534e-07
gauze,2.1104899999999997e-06
gavel,3.9486099999999995e-07
gawky,8.72969e-08
gayer,1.37226e-07
gayly,2.6209e-07
gazer,8.22921e-08
gecko,9.837329999999999e-08
geeky,5.4774500000000005e-08
geese,2.16055e-06
genie,2.99485e-07
genre,5.42528e-06
ghost,5.839889999999999e-06
ghoul,1.0142599999999998e-07
giant,1.15079e-05
giddy,9.246119999999999e-07
gipsy,4.40768e-07
girly,1.03008e-07
girth,9.68263e-07
given,0.000382781
giver,1.26791e-06
glade,4.89146e-07
gland,7.86486e-06
glare,3.15979e-06
glass,5.94684e-05
glaze,1.7283699999999999e-06
gleam,2.10353e-06
glean,5.14353e-07
glide,1.7362799999999999e-06
glint,6.46566e-07
gloat,1.7818099999999997e-07
globe,7.4801699999999996e-06
gloom,3.83586e-06
glory,2.05127e-05
gloss,1.9856e-06
glove,2.27931e-06
glyph,1.8310999999999998e-07
gnash,6.11902e-08
gnome,1.72363e-07
godly,1.6592499999999998e-06
going,0.000207906
golem,8.400850000000001e-08
golly,9.84062e-08
gonad,3.35469e-07
goner,7.31219e-08
goody,1.69422e-07
gooey,1.45799e-07
goofy,2.26899e-07
goose,2.55894e-06
gorge,1.85472e-06
gouge,3.61872e-07
gourd,6.41059e-07
grace,2.3608e-05
grade,4.43382e-05
graft,3.9409e-06
grail,1.26233e-07
grain,3.81561e-05
grand,2.3668e-05
grant,5.13265e-05
grape,3.6359299999999998e-06
graph,1.2056e-05
grasp,1.00793e-05
grass,2.64607e-05
grate,2.1490200000000002e-06
grave,2.1701e-05
gravy,9.238689999999999e-07
graze,1.03911e-06
great,0.000413668
greed,2.6990699999999997e-06
green,5.81383e-05
greet,3.1149e-06
grief,1.08475e-05
grill,1.2929600000000001e-06
grime,3.73883e-07
grimy,4.97555e-07
grind,2.14987e-06
gripe,2.3930899999999996e-07
groan,1.9118e-06
groin,1.2135199999999998e-06
groom,2.1201e-06
grope,3.61095e-07
gross,3.40634e-05
group,0.000224017
grout,7.347419999999999e-07
grove,2.7876099999999996e-06
growl,9.98236e-07
grown,4.07793e-05
gruel,4.14034e-07
gruff,5.04488e-07
grunt,7.6806e-07
guard,2.39797e-05
guava,2.18626e-07
guess,1.99443e-05
guest,1.08354e-05
guide,3.60581e-05
guild,1.38423e-06
guile,5.405949999999999e-07
guilt,1.26845e-05
guise,2.31999e-06
gulch,2.6906799999999996e-07
gully,8.98422e-07
gumbo,1.62101e-07
gummy,3.1905499999999997e-07
guppy,5.02512e-08
gusto,5.416039999999999e-07
gusty,2.0878e-07
gypsy,1.00045e-06
habit,1.93024e-05
hairy,2.8190400000000003e-06
halve,2.00706e-07
handy,3.36606e-06
happy,4.83185e-05
hardy,3.56155e-06
harem,7.261999999999999e-07
harpy,8.98729e-08
harry,1.72218e-07
harsh,7.93605e-06
haste,5.01015e-06
hasty,3.34754e-06
hatch,2.93636e-06
hater,2.35706e-07
haunt,1.7658799999999998e-06
haute,2.51926e-07
haven,2.12115e-06
havoc,1.71029e-06
hazel,1.0280899999999999e-06
heady,6.95188e-07
heard,0.000110846
heart,0.000127011
heath,1.16964e-06
heave,1.0748599999999998e-06
heavy,7.20475e-05
hedge,4.1738600000000006e-06
hefty,6.0122e-07
heist,9.491690000000001e-08
helix,1.68633e-06
hello,1.46533e-06
hence,3.22103e-05
heron,4.86751e-07
hilly,1.7293499999999998e-06
hinge,2.68057e-06
hippo,1.3762199999999999e-07
hippy,9.32119e-08
hitch,1.1862e-06
hoard,1.1897999999999998e-06
hobby,1.99041e-06
hoist,1.7646699999999998e-06
holly,6.52004e-07
homer,1.6091699999999998e-07
honey,1.02514e-05
honor,2.68303e-05
horde,7.508369999999999e-07
horny,9.3469e-07
horse,4.58321e-05
hotel,2.19467e-05
hotly,1.00688e-06
hound,1.32364e-06
house,0.000195371
hovel,3.42538e-07
hover,9.89029e-07
howdy,3.73931e-08
human,0.000189298
humid,2.32244e-06
humor,7.76493e-06
humph,2.4880000000000002e-08
humus,1.4434800000000001e-06
hunch,6.26142e-07
hunky,6.59811e-08
hurry,7.0658999999999996e-06
husky,8.68748e-07
hussy,1.22971e-07
hutch,1.58827e-07
hydro,2.31703e-06
hyena,2.80239e-07
hymen,1.96253e-07
hyper,1.11768e-06
icily,1.2877199999999998e-07
icing,1.21763e-06
ideal,3.18059e-05
idiom,1.81312e-06
idiot,2.36875e-06
idler,4.5801299999999993e-07
idyll,2.60881e-07
igloo,1.24079e-07
iliac,1.40049e-06
image,5.9443e-05
imbue,2.2583399999999998e-07
impel,4.06859e-07
imply,1.09724e-05
inane,2.8758e-07
inbox,1.30356e-07
incur,3.5712899999999997e-06
index,4.94559e-05
inept,6.366259999999999e-07
inert,3.55446e-06
infer,4.8353e-06
ingot,1.3202999999999999e-06
inlay,4.47323e-07
inlet,6.72564e-06
inner,3.64519e-05
input,3.347e-05
inter,1.68041e-05
intro,7.385779999999999e-07
ionic,3.92933e-06
irate,4.3851899999999996e-07
irony,4.41737e-06
islet,9.542540000000001e-07
issue,0.000136776
itchy,2.87954e-07
ivory,3.73132e-06
jaunt,2.27007e-07
jazzy,9.59707e-08
jelly,2.27705e-06
jerky,5.18329e-07
jetty,1.10782e-06
jewel,1.9366099999999997e-06
jiffy,1.15663e-07
joint,5.84868e-05
joist,3.16874e-07
joker,2.68109e-07
jolly,1.7205999999999999e-06
joust,1.21848e-07
judge,5.70202e-05
juice,1.14052e-05
juicy,1.08029e-06
jumbo,3.97187e-07
jumpy,2.14797e-07
junta,6.937389999999999e-07
junto,7.997779999999999e-08
juror,2.46215e-06
kappa,3.3936799999999995e-07
karma,9.4198e-07
kayak,3.0817499999999997e-07
kebab,7.29983e-08
khaki,7.47191e-07
kinky,1.97937e-07
kiosk,3.38944e-07
kitty,2.76555e-07
knack,7.52909e-07
knave,6.925959999999999e-07
knead,2.6286e-07
kneed,1.84545e-07
kneel,1.24364e-06
knelt,2.6345299999999995e-06
knife,1.37145e-05
knock,5.772859999999999e-06
knoll,5.930819999999999e-07
known,0.000229561
koala,7.68747e-08
krill,2.59859e-07
label,1.40892e-05
labor,9.54985e-05
laden,4.29096e-06
ladle,8.369999999999999e-07
lager,3.05654e-07
lance,2.14574e-06
lanky,3.50184e-07
lapel,3.49749e-07
lapse,5.1565099999999995e-06
large,0.000344244
larva,3.0894799999999997e-06
lasso,2.1180699999999999e-07
latch,2.0736699999999997e-06
later,0.000195715
lathe,1.7378299999999999e-06
latte,1.57708e-07
laugh,1.51705e-05
layer,4.33976e-05
leach,6.143019999999999e-07
leafy,1.6741799999999999e-06
leaky,7.877100000000001e-07
leant,6.77275e-07
leapt,1.57755e-06
learn,5.67862e-05
lease,2.77684e-05
leash,8.17201e-07
least,0.000215644
leave,0.000109206
ledge,2.72217e-06
leech,4.38769e-07
leery,1.48206e-07
lefty,5.2174300000000004e-08
legal,9.49641e-05
leggy,9.26359e-08
lemon,4.95294e-06
lemur,8.56581e-08
leper,6.14466e-07
level,0.000213272
lever,8.62669e-06
libel,3.36963e-06
liege,4.4064899999999994e-07
light,0.00019701
liken,2.7330499999999997e-07
lilac,9.49193e-07
limbo,5.793999999999999e-07
limit,5.29319e-05
linen,6.29685e-06
liner,2.83187e-06
lingo,2.4183899999999997e-07
lipid,4.51496e-06
lithe,4.97848e-07
liver,2.16468e-05
livid,7.26179e-07
llama,2.4962499999999996e-07
loamy,1.0054199999999999e-06
loath,7.661749999999999e-07
lobby,4.37286e-06
local,0.000205929
locus,4.571959999999999e-06
lodge,5.435419999999999e-06
lofty,5.6515e-06
logic,1.97147e-05
login,5.45576e-07
loopy,5.93856e-08
loose,2.04304e-05
lorry,8.808899999999999e-07
loser,1.2051499999999998e-06
louse,6.53097e-07
lousy,7.57817e-07
lover,1.06547e-05
lower,0.000145494
lowly,1.7453399999999999e-06
loyal,8.27937e-06
lucid,1.8086e-06
lucky,7.850599999999999e-06
lumen,2.20135e-06
lumpy,4.7524300000000004e-07
lunar,3.4537199999999998e-06
lunch,1.37423e-05
lunge,3.3147299999999997e-07
lupus,1.33162e-06
lurch,5.1705e-07
lurid,7.72262e-07
lusty,6.7979e-07
lying,2.90164e-05
lymph,4.84096e-06
lyric,2.29077e-06
macaw,7.76025e-08
macho,4.40946e-07
macro,3.6941399999999998e-06
madam,2.20311e-06
madly,9.62737e-07
mafia,3.0686499999999996e-07
magic,1.23782e-05
magma,1.59325e-06
maize,5.3659100000000004e-06
major,0.000140508
maker,9.52496e-06
mambo,4.95242e-08
mamma,1.53457e-06
mammy,1.9868799999999999e-07
manga,1.9550399999999998e-07
mange,2.7960699999999997e-07
mango,9.21733e-07
mangy,1.4459999999999998e-07
mania,1.6187599999999998e-06
manic,1.03522e-06
manly,2.7154600000000003e-06
manor,4.1805399999999994e-06
maple,3.10109e-06
march,1.32895e-05
marry,1.44748e-05
marsh,3.5032299999999997e-06
mason,9.94011e-07
masse,8.916069999999999e-07
match,1.97722e-05
matey,3.86313e-08
mauve,4.847349999999999e-07
maxim,2.6403e-06
maybe,2.32693e-05
mayor,9.6447e-06
mealy,3.35196e-07
meant,4.92647e-05
meaty,3.0943e-07
mecca,1.64473e-07
medal,3.8923899999999995e-06
media,4.24477e-05
medic,3.5069499999999995e-07
melee,2.87678e-07
melon,8.75092e-07
mercy,1.32207e-05
merge,3.02847e-06
merit,1.75363e-05
merry,4.20122e-06
metal,6.03501e-05
meter,1.17592e-05
metro,8.51618e-07
micro,7.0861799999999995e-06
midge,2.52304e-07
midst,1.34347e-05
might,0.000361775
milky,1.0734499999999999e-06
mimic,1.67249e-06
mince,4.3266999999999997e-07
miner,2.8281299999999996e-06
minim,1.7567199999999999e-07
minor,3.75115e-05
minty,4.9106500000000004e-08
minus,6.612469999999999e-06
mirth,1.77478e-06
miser,5.15884e-07
missy,9.16208e-08
mocha,9.13041e-08
modal,2.80587e-06
model,0.000134841
modem,2.9949699999999997e-06
mogul,1.44538e-07
moist,7.15758e-06
molar,3.4174699999999995e-06
moldy,2.5912799999999996e-07
money,0.000188195
month,0.000100888
moody,5.87899e-07
moose,1.16326e-06
moral,5.64081e-05
moron,2.47797e-07
morph,2.45775e-07
mossy,6.28641e-07
motel,1.60444e-06
motif,3.0192999999999996e-06
motor,4.96637e-05
motto,2.8934899999999996e-06
moult,4.6434899999999997e-07
mound,3.8228e-06
mount,6.85864e-06
mourn,1.9033399999999999e-06
mouse,1.06523e-05
mouth,5.68045e-05
mover,1.49339e-06
movie,1.1179e-05
mower,7.01016e-07
mucky,9.94535e-08
mucus,2.1426799999999997e-06
muddy,2.9350999999999996e-06
mulch,1.0239e-06
mummy,7.93105e-07
munch,1.24086e-07
mural,1.53013e-06
murky,8.466749999999999e-07
mushy,2.7966999999999996e-07
music,6.97985e-05
musky,2.04157e-07
musty,6.65894e-07
myrrh,3.7251299999999997e-07
nadir,4.1939599999999995e-07
naive,3.2386899999999997e-06
nanny,5.049269999999999e-07
nasal,5.362269999999999e-06
nasty,2.6950799999999997e-06
natal,8.83292e-07
naval,1.69065e-05
navel,8.445239999999999e-07
needy,3.44382e-06
neigh,3.03941e-07
nerdy,6.85746e-08
nerve,2.16437e-05
never,0.000288426
newer,4.758219999999999e-06
newly,2.13483e-05
nicer,7.361419999999999e-07
niche,2.6947599999999998e-06
niece,3.23322e-06
night,0.000142262
ninja,1.0474699999999999e-07
ninny,8.5666e-08
ninth,8.506729999999998e-06
noble,2.94475e-05
nobly,1.30447e-06
noise,3.29306e-05
noisy,3.891999999999999e-06
nomad,4.0449999999999995e-07
noose,6.25682e-07
north,7.59196e-05
nosey,6.23476e-08
notch,3.33683e-06
novel,3.16716e-05
nudge,4.6646599999999996e-07
nurse,1.73705e-05
nutty,2.38618e-07
nylon,2.14638e-06
nymph,9.260009999999999e-07
oaken,3.2122e-07
obese,1.5517799999999998e-06
occur,7.38941e-05
ocean,2.14295e-05
octal,1.5972399999999998e-07
octet,2.38979e-07
odder,8.607450000000001e-08
oddly,1.6454899999999999e-06
offal,5.26588e-07
offer,7.10663e-05
often,0.000236717
olden,9.59142e-07
older,4.77047e-05
olive,7.4090699999999995e-06
ombre,8.00015e-08
omega,6.510779999999999e-07
onion,4.04419e-06
onset,1.02177e-05
opera,9.255e-06
opine,1.59622e-07
opium,4.37558e-06
optic,4.76232e-06
orbit,8.09967e-06
order,0.000391005
organ,1.77821e-05
other,0.00139559
otter,1.03722e-06
ought,5.89624e-05
ounce,5.85696e-06
outdo,3.2466599999999995e-07
outer,2.96506e-05
outgo,2.10676e-07
ovary,3.15674e-06
ovate,2.4705099999999997e-06
overt,3.64643e-06
ovine,2.13803e-07
ovoid,9.859339999999998e-07
owing,2.43307e-05
owner,5.46561e-05
oxide,1.65201e-05
ozone,4.30974e-06
paddy,1.7479899999999998e-06
pagan,3.36235e-06
paint,1.59503e-05
paler,1.8033199999999999e-06
palsy,1.4705e-06
panel,2.18726e-05
panic,7.383429999999999e-06
pansy,1.43024e-07
papal,2.74691e-06
paper,0.000148149
parer,1.84114e-08
parka,2.06408e-07
parry,3.1222699999999995e-07
parse,3.88086e-07
party,0.00015321
pasta,1.5472499999999999e-06
paste,5.445409999999999e-06
pasty,4.08849e-07
patch,7.16462e-06
patio,1.38376e-06
patsy,4.8884400000000005e-08
patty,1.5068e-07
pause,8.89583e-06
payee,2.12006e-06
payer,1.05338e-06
peace,7.47974e-05
peach,2.89614e-06
pearl,2.94244e-06
pecan,5.405719999999999e-07
pedal,1.8737999999999997e-06
penal,4.83315e-06
pence,2.2892e-06
penne,6.27864e-08
penny,4.75966e-06
perch,2.15947e-06
peril,4.3751199999999995e-06
perky,1.6653199999999997e-07
pesky,1.7504099999999999e-07
pesto,1.41524e-07
petal,7.43285e-07
petty,6.0712099999999994e-06
phase,6.83086e-05
phone,2.88172e-05
phony,6.214629999999999e-07
photo,1.1438e-05
piano,9.716559999999998e-06
picky,1.63131e-07
piece,5.6883e-05
piety,4.96714e-06
piggy,1.9164000000000001e-07
pilot,1.83943e-05
pinch,2.7035e-06
piney,6.094789999999999e-08
pinky,1.35559e-07
pinto,1.5141e-07
piper,3.49814e-07
pique,3.99427e-07
pitch,1.26613e-05
pithy,3.97294e-07
pivot,2.5632799999999995e-06
pixel,2.4725799999999997e-06
pixie,1.0648299999999999e-07
pizza,1.88687e-06
place,0.000363655
plaid,6.5576e-07
plain,3.65114e-05
plait,2.9302999999999997e-07
plane,3.96801e-05
plank,2.6944499999999997e-06
plant,0.000117389
plate,4.664e-05
plaza,1.2874199999999999e-06
plead,4.821509999999999e-06
pleat,9.97462e-08
plied,1.03729e-06
plier,4.55819e-08
pluck,1.4471999999999999e-06
plumb,7.47958e-07
plume,2.0178199999999997e-06
plump,1.7213499999999998e-06
plunk,5.7096400000000006e-08
plush,7.805439999999999e-07
poesy,2.2446799999999997e-07
point,0.00030763
poise,9.437329999999999e-07
poker,1.5134799999999999e-06
polar,7.16432e-06
polka,2.8868e-07
polyp,4.1866599999999997e-07
pooch,5.27237e-08
poppy,9.13885e-07
porch,6.054059999999999e-06
poser,9.60888e-08
posit,7.96253e-07
posse,6.80661e-07
pouch,2.17396e-06
pound,2.20267e-05
pouty,5.66368e-08
power,0.00033361
prank,3.17714e-07
prawn,3.3602599999999997e-07
preen,8.335940000000001e-08
press,5.23922e-05
price,0.000140306
prick,1.0946999999999999e-06
pride,1.98468e-05
pried,3.3567699999999997e-07
prime,1.85931e-05
primo,3.22911e-07
print,2.26791e-05
prior,8.52199e-05
prism,2.68255e-06
privy,2.24378e-06
prize,1.21879e-05
probe,8.09461e-06
prone,5.78683e-06
prong,6.67351e-07
proof,4.90146e-05
prose,8.579459999999999e-06
proud,1.89688e-05
prove,5.08174e-05
prowl,2.85168e-07
proxy,3.72468e-06
prude,1.19459e-07
prune,7.80517e-07
psalm,1.22714e-06
pubic,8.703699999999999e-07
pudgy,1.84707e-07
puffy,4.90139e-07
pulpy,2.44371e-07
pulse,1.79272e-05
punch,4.61766e-06
pupil,1.35996e-05
puppy,1.6698999999999999e-06
puree,3.8144599999999996e-07
purer,1.27346e-06
purge,1.73708e-06
purse,5.5456e-06
pushy,1.97991e-07
putty,5.8703e-07
pygmy,2.23162e-07
quack,5.84247e-07
quail,1.4178799999999999e-06
quake,5.71696e-07
qualm,1.17527e-07
quark,1.22121e-06
quart,2.57205e-06
quash,9.866409999999999e-07
quasi,7.0103099999999995e-06
queen,1.31564e-05
queer,3.5584499999999998e-06
quell,7.2278e-07
query,6.0255e-06
quest,6.24284e-06
queue,2.5253199999999995e-06
quick,2.74076e-05
quiet,2.97844e-05
quill,7.76757e-07
quilt,1.39718e-06
quirk,2.21942e-07
quite,0.000147874
quota,6.37344e-06
quote,1.16989e-05
quoth,9.493989999999999e-07
rabbi,1.32644e-06
rabid,5.57919e-07
racer,3.05839e-07
radar,7.085619999999999e-06
radii,2.0009e-06
radio,3.48091e-05
rainy,3.52348e-06
raise,3.72838e-05
rajah,1.96419e-07
rally,3.1567099999999996e-06
ralph,3.40474e-08
ramen,4.27373e-08
ranch,4.93133e-06
randy,8.505699999999999e-08
range,0.000128008
rapid,4.18271e-05
rarer,1.0728899999999999e-06
raspy,2.06798e-07
ratio,5.54975e-05
ratty,1.1257399999999999e-07
raven,9.78799e-07
rayon,1.20445e-06
razor,1.90386e-06
reach,5.92654e-05
react,8.0265e-06
ready,7.28064e-05
realm,1.16664e-05
rearm,8.69352e-08
rebar,1.3306699999999998e-07
rebel,4.8833599999999994e-06
rebus,3.3963299999999995e-07
rebut,9.532769999999998e-07
recap,2.18073e-07
recur,1.7576599999999999e-06
recut,7.51964e-08
reedy,1.8537699999999998e-07
refer,3.72887e-05
refit,2.55561e-07
regal,1.1407499999999998e-06
rehab,4.0817899999999997e-07
reign,1.67663e-05
relax,4.95138e-06
relay,4.63884e-06
relic,1.69353e-06
remit,2.10191e-06
renal,1.11733e-05
renew,4.99136e-06
repay,4.1159e-06
repel,1.56685e-06
reply,3.0092e-05
rerun,2.44507e-07
reset,1.84518e-06
resin,6.71106e-06
retch,6.64948e-08
retro,5.20149e-07
retry,1.26648e-07
reuse,2.03175e-06
revel,6.73818e-07
revue,3.79936e-07
rhino,2.80532e-07
rhyme,2.64912e-06
rider,3.49927e-06
ridge,1.01103e-05
rifle,6.95618e-06
right,0.000403903
rigid,1.38785e-05
rigor,1.27538e-06
rinse,1.3663199999999999e-06
ripen,1.16589e-06
riper,2.15444e-07
risen,8.96955e-06
riser,7.268449999999999e-07
risky,3.05656e-06
rival,9.623869999999999e-06
river,7.67351e-05
rivet,9.87098e-07
roach,3.50307e-07
roast,2.3162699999999998e-06
robin,8.437939999999999e-07
robot,3.6657999999999997e-06
rocky,5.66076e-06
rodeo,4.33054e-07
roger,6.395600000000001e-08
rogue,1.4075699999999999e-06
roomy,5.04986e-07
roost,7.31253e-07
rotor,4.89452e-06
rouge,5.109829999999999e-07
rough,2.17843e-05
round,7.40989e-05
rouse,1.4077299999999999e-06
route,3.14419e-05
rover,2.8834599999999995e-07
rowdy,3.6999399999999994e-07
rower,1.2663e-07
royal,2.15556e-05
ruddy,9.952949999999999e-07
ruder,2.22504e-07
rugby,6.9943e-07
ruler,7.367049999999999e-06
rumba,6.41876e-08
rumor,1.87775e-06
rupee,1.00086e-06
rural,4.40611e-05
rusty,1.96057e-06
sadly,4.26741e-06
safer,4.6262199999999996e-06
saint,5.25338e-06
salad,3.7128899999999998e-06
sally,5.290379999999999e-07
salon,1.4593499999999998e-06
salsa,4.15334e-07
salty,1.04576e-06
salve,4.42846e-07
salvo,2.76711e-07
sandy,9.98318e-06
saner,1.55809e-07
sappy,1.12093e-07
sassy,1.41619e-07
satin,2.14385e-06
satyr,2.66428e-07
sauce,6.0856700000000005e-06
saucy,4.1244199999999996e-07
sauna,4.37291e-07
saute,2.1354899999999998e-07
savor,5.988089999999999e-07
savoy,2.09939e-08
savvy,6.63497e-07
scald,3.39033e-07
scale,8.06135e-05
scalp,2.4728699999999997e-06
scaly,8.61491e-07
scamp,1.62894e-07
scant,2.19883e-06
scare,2.2571400000000002e-06
scarf,1.6681099999999998e-06
scary,1.39514e-06
scene,4.10315e-05
scent,4.772289999999999e-06
scion,6.148839999999999e-07
scoff,3.5194899999999994e-07
scold,5.73426e-07
scone,8.98069e-08
scoop,1.25344e-06
scope,3.3008e-05
score,2.0263e-05
scorn,3.62107e-06
scour,9.447979999999999e-07
scout,1.64859e-06
scowl,6.42365e-07
scram,1.2531399999999998e-07
scrap,6.34534e-06
scree,1.96414e-07
screw,9.69723e-06
scrub,2.32561e-06
scrum,1.7501799999999999e-07
scuba,3.94304e-07
sedan,8.83688e-07
seedy,3.43836e-07
segue,7.10419e-08
seize,5.84674e-06
semen,1.59363e-06
sense,0.000142088
sepia,3.36159e-07
serif,1.67069e-07
serum,1.65762e-05
serve,7.0087e-05
setup,3.54969e-06
seven,7.92179e-05
sever,1.34763e-06
sewer,6.8746499999999995e-06
shack,1.01685e-06
shade,1.24251e-05
shady,1.75608e-06
shaft,2.21207e-05
shake,8.93585e-06
shaky,1.37832e-06
shale,8.11834e-06
shall,0.000680749
shalt,5.50444e-06
shame,1.11421e-05
shank,1.5493300000000001e-06
shape,5.18016e-05
shard,1.67589e-07
share,8.3714e-05
shark,1.82629e-06
sharp,2.86607e-05
shave,1.2379e-06
shawl,1.4187e-06
shear,1.06406e-05
sheen,8.250229999999999e-07
sheep,2.27165e-05
sheer,6.65731e-06
sheet,3.29874e-05
sheik,1.60745e-07
shelf,8.69876e-06
shell,2.2051e-05
shied,3.0900699999999996e-07
shift,3.16148e-05
shine,4.70806e-06
shiny,2.76716e-06
shire,1.2088e-06
shirk,4.166559999999999e-07
shirt,1.20943e-05
shoal,1.27749e-06
shock,2.24559e-05
shone,4.112779999999999e-06
shook,2.02635e-05
shoot,1.08002e-05
shore,2.4743e-05
shorn,8.906879999999999e-07
short,0.000162015
shout,4.403789999999999e-06
shove,1.07541e-06
shown,0.000190543
showy,1.01931e-06
shrew,3.4217599999999995e-07
shrub,2.79176e-06
shrug,1.4319699999999998e-06
shuck,9.81998e-08
shunt,2.07465e-06
shush,6.25598e-08
shyly,5.877539999999999e-07
siege,6.13666e-06
sieve,2.5360699999999998e-06
sight,4.26244e-05
sigma,7.405499999999999e-07
silky,1.3188e-06
silly,5.5944900000000005e-06
since,0.000276876
sinew,3.8345799999999997e-07
singe,1.3294999999999998e-07
siren,9.59613e-07
sissy,1.6553e-07
sixth,1.70731e-05
sixty,2.31264e-05
skate,6.27592e-07
skier,2.7175099999999996e-07
skiff,4.55075e-07
skill,2.65222e-05
skimp,7.865350000000001e-08
skirt,4.53731e-06
skulk,8.173970000000001e-08
skull,7.67018e-06
skunk,4.97179e-07
slack,3.2444999999999996e-06
slain,4.70357e-06
slang,1.39823e-06
slant,1.252e-06
slash,1.45263e-06
slate,4.82279e-06
sleek,1.2016599999999998e-06
sleep,3.78317e-05
sleet,6.33064e-07
slept,8.32481e-06
slice,4.15803e-06
slick,1.3834900000000001e-06
slide,1.15539e-05
slime,1.2333299999999999e-06
slimy,7.64474e-07
sling,1.23552e-06
slink,1.4618699999999998e-07
sloop,1.08506e-06
slope,1.8954e-05
slosh,7.80004e-08
sloth,6.090569999999999e-07
slump,1.47638e-06
slung,1.1891799999999999e-06
slunk,2.68909e-07
slurp,6.31793e-08
slush,4.48506e-07
slyly,3.8912699999999996e-07
smack,9.13657e-07
small,0.000332485
smart,8.29925e-06
smash,1.22302e-06
smear,1.49811e-06
smell,1.21063e-05
smelt,1.00968e-06
smile,3.04689e-05
smirk,6.112949999999999e-07
smite,5.86397e-07
smith,9.75624e-07
smock,2.95576e-07
smoke,1.96883e-05
smoky,1.23282e-06
smote,9.882049999999998e-07
snack,1.4625999999999998e-06
snail,1.4754299999999999e-06
snake,5.60822e-06
snaky,8.95451e-08
snare,1.31712e-06
snarl,4.7206099999999993e-07
sneak,1.33829e-06
sneer,1.07684e-06
snide,1.45842e-07
sniff,6.942529999999999e-07
snipe,3.94695e-07
snoop,1.0140100000000001e-07
snore,2.78896e-07
snort,5.744609999999999e-07
snout,1.5813699999999998e-06
snowy,1.60418e-06
snuck,3.43792e-07
snuff,1.31006e-06
soapy,3.53719e-07
sober,4.68487e-06
soggy,4.25631e-07
solar,1.80203e-05
solid,4.55478e-05
solve,1.79596e-05
sonar,7.32559e-07
sonic,1.1559999999999998e-06
sooth,4.323e-07
sooty,4.5008199999999997e-07
sorry,2.22503e-05
sound,8.31749e-05
south,7.12334e-05
sower,2.2110699999999997e-07
space,0.000118842
spade,1.41575e-06
spank,1.63127e-07
spare,1.12211e-05
spark,5.73239e-06
spasm,1.79249e-06
spawn,1.21361e-06
speak,6.89225e-05
spear,3.61147e-06
speck,8.53039e-07
speed,6.29323e-05
spell,7.57079e-06
spelt,9.336529999999999e-07
spend,2.76229e-05
spent,5.57741e-05
sperm,4.0576899999999994e-06
spice,1.4733799999999998e-06
spicy,9.91938e-07
spied,8.212099999999999e-07
spiel,1.0938300000000001e-07
spike,2.64427e-06
spiky,2.53615e-07
spill,3.12041e-06
spilt,4.69046e-07
spine,8.310249999999999e-06
spiny,6.85766e-07
spire,1.4236399999999998e-06
spite,2.73437e-05
splat,1.0315399999999999e-07
split,1.76491e-05
spoil,3.6623499999999998e-06
spoke,4.08153e-05
spoof,1.5085900000000001e-07
spook,1.65114e-07
spool,9.372509999999999e-07
spoon,3.23442e-06
spore,1.71717e-06
sport,1.18003e-05
spout,1.10799e-06
spray,1.00242e-05
spree,4.4330100000000003e-07
sprig,3.64058e-07
spunk,1.4175500000000001e-07
spurn,2.91015e-07
spurt,6.78367e-07
squad,2.75856e-06
squat,1.00173e-06
squib,1.20293e-07
stack,6.7034900000000004e-06
staff,8.32456e-05
stage,8.94978e-05
staid,9.73807e-07
stain,4.9887499999999995e-06
stair,1.63947e-06
stake,8.51862e-06
stale,2.06368e-06
stalk,3.0840499999999997e-06
stall,3.29459e-06
stamp,9.65703e-06
stand,7.54197e-05
stank,2.15829e-07
stare,4.8491e-06
stark,2.4051499999999997e-06
start,6.90366e-05
stash,3.0235599999999996e-07
state,0.000407045
stave,8.125120000000001e-07
stead,2.5707399999999996e-06
steak,1.77088e-06
steal,5.1975e-06
steam,3.67394e-05
steed,1.04374e-06
steel,6.35594e-05
steep,1.02728e-05
steer,2.9678599999999997e-06
stein,1.61527e-07
stern,6.80879e-06
stick,1.53295e-05
stiff,7.812039999999998e-06
still,0.000328205
stilt,1.27577e-07
sting,2.3233199999999996e-06
stink,7.545609999999999e-07
stint,8.3499e-07
stock,0.000112627
stoic,4.35604e-07
stoke,1.5866499999999997e-07
stole,3.89196e-06
stomp,2.03201e-07
stone,4.96127e-05
stony,2.1769699999999997e-06
stood,6.53874e-05
stool,3.73992e-06
stoop,1.22783e-06
store,3.89175e-05
stork,3.3418499999999997e-07
storm,1.91639e-05
story,9.76582e-05
stout,5.22367e-06
stove,5.489749999999999e-06
strap,2.70248e-06
straw,9.01173e-06
stray,2.97588e-06
strip,1.45102e-05
strut,9.28977e-07
stuck,1.00433e-05
study,0.000240195
stuff,1.53064e-05
stump,2.4986299999999997e-06
stung,1.34034e-06
stunk,6.35714e-08
stunt,8.16811e-07
style,5.60627e-05
suave,3.4659499999999996e-07
sugar,3.88837e-05
suing,1.4051599999999999e-06
suite,4.89705e-06
sulky,4.60405e-07
sully,1.63235e-07
sumac,2.1798999999999998e-07
sunny,3.88234e-06
super,7.31336e-06
surer,6.479479999999999e-07
surge,3.85439e-06
surly,5.50614e-07
sushi,2.99487e-07
swami,4.82984e-08
swamp,3.7321899999999998e-06
swarm,2.04102e-06
swash,1.18639e-07
swath,4.63738e-07
swear,6.1216899999999995e-06
sweat,6.33348e-06
sweep,6.30797e-06
sweet,2.8063e-05
swell,4.44974e-06
swept,1.0153e-05
swift,5.53447e-06
swill,1.58057e-07
swine,3.68365e-06
swing,7.886169999999999e-06
swirl,9.06154e-07
swish,2.97511e-07
swoon,3.98217e-07
swoop,4.96598e-07
sword,1.56866e-05
swore,3.37477e-06
sworn,8.712059999999998e-06
swung,5.77466e-06
synod,1.09639e-06
syrup,3.34659e-06
tabby,1.60583e-07
table,0.000119884
taboo,1.31779e-06
tacit,1.92022e-06
tacky,2.9385599999999995e-07
taffy,8.657460000000001e-08
taint,1.1816999999999998e-06
taken,0.000271784
taker,8.6041e-07
tally,1.4489399999999998e-06
talon,1.1086199999999999e-07
tamer,1.72605e-07
tango,3.0193799999999996e-07
tangy,1.6574599999999998e-07
taper,1.8918399999999999e-06
tapir,1.15571e-07
tardy,7.986570000000001e-07
tarot,1.2897799999999998e-07
taste,2.81278e-05
tasty,9.91338e-07
tatty,7.35703e-08
taunt,5.34406e-07
tawny,8.739509999999999e-07
teach,2.44351e-05
teary,1.332e-07
tease,1.15509e-06
teddy,3.85315e-07
teeth,2.98575e-05
tempo,2.2213699999999996e-06
tenet,8.484e-07
tenor,3.54366e-06
tense,6.3096099999999995e-06
tenth,1.01088e-05
tepee,1.5262e-07
tepid,5.446139999999999e-07
terra,1.7257999999999998e-06
terse,7.22055e-07
testy,1.72886e-07
thank,2.59394e-05
theft,6.38567e-06
their,0.00179912
theme,2.00086e-05
there,0.00114139
these,0.000999997
theta,5.59731e-07
thick,3.87136e-05
thief,3.70012e-06
thigh,4.06232e-06
thing,0.000150782
think,0.00030833
third,0.000153992
thong,4.32737e-07
thorn,1.62471e-06
those,0.000636472
three,0.000460226
threw,1.58379e-05
throb,6.64242e-07
throw,1.98802e-05
thrum,9.398260000000001e-08
thumb,7.17529e-06
thump,7.19366e-07
thyme,8.58289e-07
tiara,2.7339899999999997e-07
tibia,2.0250599999999996e-06
tidal,5.02071e-06
tiger,2.86806e-06
tight,1.70716e-05
tilde,7.62148e-08
timer,1.6445399999999997e-06
timid,2.7593299999999995e-06
tipsy,3.32277e-07
titan,1.4141e-07
tithe,1.3731099999999999e-06
title,0.000103496
toast,3.20561e-06
today,9.11608e-05
toddy,2.3147799999999998e-07
token,5.5243e-06
tonal,1.31949e-06
tonga,5.92176e-08
tonic,2.5924299999999995e-06
tooth,9.84647e-06
topaz,3.1767199999999996e-07
topic,1.86194e-05
torch,3.05385e-06
torso,1.3795299999999999e-06
torus,6.661599999999999e-07
total,0.000212546
totem,6.36976e-07
touch,3.50035e-05
tough,1.0281e-05
towel,3.3486799999999997e-06
tower,1.39517e-05
toxic,1.0812e-05
toxin,2.80554e-06
trace,2.02999e-05
track,3.48959e-05
tract,1.84109e-05
trade,0.00014628
trail,1.13982e-05
train,4.31598e-05
trait,4.53887e-06
tramp,1.54326e-06
trash,3.21661e-06
trawl,8.623929999999999e-07
tread,3.5397899999999997e-06
treat,2.39628e-05
trend,2.34628e-05
triad,1.2145199999999999e-06
trial,9.10294e-05
tribe,1.31707e-05
trice,1.6808199999999998e-07
trick,6.2539599999999995e-06
tried,7.16741e-05
tripe,2.09979e-07
trite,6.41166e-07
troll,3.6091399999999997e-07
troop,3.67865e-06
trope,5.75297e-07
trout,6.4047199999999996e-06
trove,3.11185e-07
truce,2.19461e-06
truck,2.16108e-05
truer,1.1033999999999999e-06
truly,3.19643e-05
trump,7.96955e-07
trunk,1.13325e-05
truss,1.6247199999999998e-06
trust,7.03826e-05
truth,7.97959e-05
tryst,1.8876299999999998e-07
tubal,4.971549999999999e-07
tuber,9.31495e-07
tulip,5.190109999999999e-07
tulle,1.7536e-07
tumor,1.57632e-05
tunic,1.3004999999999999e-06
turbo,7.764779999999999e-07
tutor,3.1543199999999997e-06
twang,2.2564999999999999e-07
tweak,1.96247e-07
tweed,4.1691499999999997e-07
tweet,1.8000799999999998e-07
twice,3.58034e-05
twine,1.3343199999999998e-06
twirl,1.91392e-07
twist,4.741039999999999e-06
twixt,3.29997e-07
tying,2.62177e-06
udder,6.79959e-07
ulcer,3.67397e-06
ultra,4.51308e-06
umbra,1.57028e-07
uncle,1.19347e-05
uncut,1.25449e-06
under,0.000786694
undid,4.01301e-07
undue,6.56891e-06
unfed,9.68665e-08
unfit,4.07326e-06
unify,8.992739999999999e-07
union,6.22215e-05
unite,6.6276299999999994e-06
unity,2.26416e-05
unlit,2.3073499999999998e-07
unmet,5.850129999999999e-07
unset,8.03669e-08
untie,3.28494e-07
until,0.000259263
unwed,2.71009e-07
unzip,7.85185e-08
upper,7.06433e-05
upset,9.063209999999999e-06
urban,4.07832e-05
urine,1.29708e-05
usage,1.44069e-05
usher,9.31774e-07
using,0.00018703
usual,5.79718e-05
usurp,6.50224e-07
utile,1.26113e-07
utter,7.87931e-06
vague,9.806839999999998e-06
valet,1.03139e-06
valid,2.82334e-05
valor,1.1597999999999999e-06
value,0.000272147
valve,2.45404e-05
vapid,2.10047e-07
vapor,9.83779e-06
vault,3.5257499999999997e-06
vaunt,1.2868099999999999e-07
vegan,2.7735e-07
venom,1.49705e-06
venue,3.41292e-06
verge,2.89712e-06
verse,1.67378e-05
verso,8.281029999999999e-07
verve,2.6448299999999997e-07
vicar,2.01755e-06
video,1.66894e-05
vigil,7.26298e-07
vigor,4.25283e-06
villa,2.38716e-06
vinyl,2.7043499999999998e-06
viola,6.28411e-07
viper,3.90081e-07
viral,4.740529999999999e-06
virus,1.91618e-05
visit,5.32988e-05
visor,4.2320200000000003e-07
vista,8.547319999999999e-07
vital,2.62883e-05
vivid,6.74063e-06
vixen,1.35672e-07
vocal,6.25894e-06
vodka,9.66042e-07
vogue,2.2309899999999996e-06
voice,8.50718e-05
voila,7.477820000000001e-08
vomit,1.0043699999999999e-06
voter,4.34273e-06
vouch,5.93917e-07
vowel,4.1555499999999995e-06
vying,3.7905799999999995e-07
wacky,1.41921e-07
wafer,1.68433e-06
wager,1.09959e-06
wagon,8.38935e-06
waist,6.8734999999999995e-06
waive,3.40001e-06
waltz,7.3079e-07
warty,1.96758e-07
waste,4.5604e-05
watch,3.27629e-05
water,0.000400279
waver,4.85465e-07
waxen,2.52795e-07
weary,7.16817e-06
weave,2.19554e-06
wedge,4.2272299999999995e-06
weedy,4.37556e-07
weigh,6.2961699999999996e-06
weird,3.5032899999999997e-06
welch,2.25898e-08
welsh,2.9366900000000002e-08
whack,3.5263e-07
whale,3.69837e-06
wharf,3.43311e-06
wheat,3.02252e-05
wheel,2.37244e-05
whelp,1.3508e-07
where,0.000621543
which,0.00315127
whiff,5.49992e-07
while,0.000359388
whine,6.636059999999999e-07
whiny,7.39654e-08
whirl,1.07094e-06
whisk,6.93122e-07
white,0.00014512
whole,0.000238176
whoop,3.69641e-07
whose,0.00016958
widen,1.88375e-06
wider,1.85372e-05
widow,1.58741e-05
width,2.71136e-05
wield,1.09037e-06
wight,3.2853699999999997e-07
willy,3.0485099999999995e-07
wimpy,5.13614e-08
wince,4.0397999999999994e-07
winch,1.00224e-06
windy,1.1527799999999999e-06
wiser,2.90865e-06
wispy,2.2570299999999997e-07
witch,3.47898e-06
witty,2.11895e-06
woken,5.859619999999999e-07
woman,0.000118722
women,0.00019435
woody,2.3118799999999997e-06
wooer,8.334960000000001e-08
wooly,8.87077e-08
woozy,9.36552e-08
wordy,2.6799599999999996e-07
world,0.000313403
worry,1.54311e-05
worse,2.90394e-05
worst,1.98663e-05
worth,5.65481e-05
would,0.00146645
wound,1.91133e-05
woven,5.1052e-06
wrack,1.52794e-07
wrath,5.4271399999999995e-06
wreak,4.29274e-07
wreck,3.75991e-06
wrest,6.39695e-07
wring,5.527809999999999e-07
wrist,5.60334e-06
write,6.23552e-05
wrong,5.82538e-05
wrote,6.65611e-05
wrung,1.01345e-06
wryly,5.241059999999999e-07
yacht,2.28037e-06
yearn,5.97061e-07
yeast,5.4599399999999994e-06
yield,5.13508e-05
young,0.000166871
youth,3.73707e-05
zebra,5.560489999999999e-07
zesty,5.2787499999999995e-08
zonal,9.9236e-07
